song_id,week,streams,treated
36,2017-01-02,1073,1
36,2017-01-09,1120,1
36,2017-01-16,1032,1
36,2017-01-23,1125,1
36,2017-01-30,1010,1
36,2017-02-06,1034,1
36,2017-02-13,933,1
36,2017-02-20,862,1
36,2017-02-27,844,1
36,2017-03-06,930,1
36,2017-03-13,949,1
36,2017-03-20,898,1
36,2017-03-27,870,1
36,2017-04-03,1127,1
36,2017-04-10,1031,1
36,2017-04-17,1036,1
36,2017-04-24,1048,1
36,2017-05-01,1124,1
36,2017-05-08,1053,1
36,2017-05-15,1049,1
36,2017-05-22,940,1
36,2017-05-29,924,1
36,2017-06-05,937,1
36,2017-06-12,879,1
36,2017-06-19,863,1
36,2017-06-26,984,1
36,2017-07-03,920,1
36,2017-07-10,975,1
36,2017-07-17,923,1
36,2017-07-24,935,1
36,2017-07-31,927,1
36,2017-08-07,1090,1
36,2017-08-14,1262,1
36,2017-08-21,898,1
36,2017-08-28,926,1
36,2017-09-04,928,1
36,2017-09-11,934,1
36,2017-09-18,958,1
36,2017-09-25,4970,1
36,2017-10-02,11934,1
36,2017-10-09,7897,1
36,2017-10-16,6392,1
36,2017-10-23,5321,1
36,2017-10-30,4214,1
36,2017-11-06,3680,1
36,2017-11-13,3176,1
36,2017-11-20,3488,1
36,2017-11-27,3119,1
36,2017-12-04,2911,1
36,2017-12-11,2909,1
36,2017-12-18,2773,1
36,2017-12-25,2246,1
36,2018-01-01,2122,1
36,2018-01-08,2220,1
36,2018-01-15,2525,1
36,2018-01-22,2640,1
36,2018-01-29,2590,1
36,2018-02-05,2048,1
36,2018-02-12,1986,1
36,2018-02-19,2052,1
36,2018-02-26,2037,1
36,2018-03-05,2014,1
36,2018-03-12,1907,1
36,2018-03-19,1877,1
36,2018-03-26,1816,1
36,2018-04-02,1725,1
36,2018-04-09,1691,1
36,2018-04-16,1759,1
36,2018-04-23,1774,1
36,2018-04-30,1529,1
36,2018-05-07,1554,1
36,2018-05-14,1629,1
36,2018-05-21,1571,1
36,2018-05-28,1619,1
36,2018-06-04,1481,1
36,2018-06-11,1404,1
36,2018-06-18,1362,1
1,2017-01-02,706,0
1,2017-01-09,756,0
1,2017-01-16,782,0
1,2017-01-23,800,0
1,2017-01-30,839,0
1,2017-02-06,791,0
1,2017-02-13,972,0
1,2017-02-20,970,0
1,2017-02-27,874,0
1,2017-03-06,938,0
1,2017-03-13,984,0
1,2017-03-20,933,0
1,2017-03-27,981,0
1,2017-04-03,934,0
1,2017-04-10,919,0
1,2017-04-17,890,0
1,2017-04-24,1265,0
1,2017-05-01,1253,0
1,2017-05-08,1269,0
1,2017-05-15,1100,0
1,2017-05-22,1315,0
1,2017-05-29,1367,0
1,2017-06-05,1231,0
1,2017-06-12,1405,0
1,2017-06-19,1461,0
1,2017-06-26,1809,0
1,2017-07-03,1774,0
1,2017-07-10,1412,0
1,2017-07-17,1249,0
1,2017-07-24,1309,0
1,2017-07-31,1209,0
1,2017-08-07,1212,0
1,2017-08-14,1151,0
1,2017-08-21,1121,0
1,2017-08-28,1142,0
1,2017-09-04,1146,0
1,2017-09-11,1194,0
1,2017-09-18,1204,0
1,2017-09-25,1172,0
1,2017-10-02,1077,0
1,2017-10-09,1206,0
1,2017-10-16,1128,0
1,2017-10-23,1244,0
1,2017-10-30,1164,0
1,2017-11-06,1221,0
1,2017-11-13,1634,0
1,2017-11-20,1742,0
1,2017-11-27,1748,0
1,2017-12-04,1517,0
1,2017-12-11,1784,0
1,2017-12-18,1357,0
1,2017-12-25,1160,0
1,2018-01-01,1216,0
1,2018-01-08,1422,0
1,2018-01-15,1327,0
1,2018-01-22,1365,0
1,2018-01-29,1349,0
1,2018-02-05,1351,0
1,2018-02-12,1319,0
1,2018-02-19,1351,0
1,2018-02-26,1388,0
1,2018-03-05,1316,0
1,2018-03-12,1363,0
1,2018-03-19,1291,0
1,2018-03-26,1315,0
1,2018-04-02,1291,0
1,2018-04-09,1389,0
1,2018-04-16,1297,0
1,2018-04-23,1174,0
1,2018-04-30,1227,0
1,2018-05-07,1308,0
1,2018-05-14,1314,0
1,2018-05-21,1196,0
1,2018-05-28,1365,0
1,2018-06-04,1658,0
1,2018-06-11,1571,0
1,2018-06-18,1428,0
2,2017-01-02,1185,0
2,2017-01-09,1250,0
2,2017-01-16,1288,0
2,2017-01-23,1360,0
2,2017-01-30,1223,0
2,2017-02-06,1206,0
2,2017-02-13,1109,0
2,2017-02-20,1148,0
2,2017-02-27,1066,0
2,2017-03-06,1237,0
2,2017-03-13,1127,0
2,2017-03-20,1070,0
2,2017-03-27,1064,0
2,2017-04-03,960,0
2,2017-04-10,1019,0
2,2017-04-17,1110,0
2,2017-04-24,1145,0
2,2017-05-01,1135,0
2,2017-05-08,1077,0
2,2017-05-15,1015,0
2,2017-05-22,1011,0
2,2017-05-29,1073,0
2,2017-06-05,1079,0
2,2017-06-12,1060,0
2,2017-06-19,1047,0
2,2017-06-26,1034,0
2,2017-07-03,1041,0
2,2017-07-10,1203,0
2,2017-07-17,1201,0
2,2017-07-24,1074,0
2,2017-07-31,989,0
2,2017-08-07,1239,0
2,2017-08-14,1044,0
2,2017-08-21,968,0
2,2017-08-28,1081,0
2,2017-09-04,1140,0
2,2017-09-11,1268,0
2,2017-09-18,1252,0
2,2017-09-25,1159,0
2,2017-10-02,1345,0
2,2017-10-09,1231,0
2,2017-10-16,1286,0
2,2017-10-23,1506,0
2,2017-10-30,1469,0
2,2017-11-06,1410,0
2,2017-11-13,1438,0
2,2017-11-20,1334,0
2,2017-11-27,1319,0
2,2017-12-04,1451,0
2,2017-12-11,1528,0
2,2017-12-18,2162,0
2,2017-12-25,2040,0
2,2018-01-01,1641,0
2,2018-01-08,1756,0
2,2018-01-15,1951,0
2,2018-01-22,1680,0
2,2018-01-29,1581,0
2,2018-02-05,1487,0
2,2018-02-12,1454,0
2,2018-02-19,1511,0
2,2018-02-26,1559,0
2,2018-03-05,1701,0
2,2018-03-12,1677,0
2,2018-03-19,1779,0
2,2018-03-26,1698,0
2,2018-04-02,1630,0
2,2018-04-09,1699,0
2,2018-04-16,1553,0
2,2018-04-23,1618,0
2,2018-04-30,1623,0
2,2018-05-07,1501,0
2,2018-05-14,1476,0
2,2018-05-21,1680,0
2,2018-05-28,1507,0
2,2018-06-04,1339,0
2,2018-06-11,1289,0
2,2018-06-18,1394,0
3,2017-01-02,1395,0
3,2017-01-09,1452,0
3,2017-01-16,1495,0
3,2017-01-23,1672,0
3,2017-01-30,1844,0
3,2017-02-06,1858,0
3,2017-02-13,1653,0
3,2017-02-20,1749,0
3,2017-02-27,1628,0
3,2017-03-06,1745,0
3,2017-03-13,1711,0
3,2017-03-20,1725,0
3,2017-03-27,1860,0
3,2017-04-03,1955,0
3,2017-04-10,2163,0
3,2017-04-17,2021,0
3,2017-04-24,1588,0
3,2017-05-01,2434,0
3,2017-05-08,1815,0
3,2017-05-15,2227,0
3,2017-05-22,2117,0
3,2017-05-29,1923,0
3,2017-06-05,1978,0
3,2017-06-12,2089,0
3,2017-06-19,2210,0
3,2017-06-26,2219,0
3,2017-07-03,2041,0
3,2017-07-10,1954,0
3,2017-07-17,2128,0
3,2017-07-24,2088,0
3,2017-07-31,1736,0
3,2017-08-07,1670,0
3,2017-08-14,1842,0
3,2017-08-21,2060,0
3,2017-08-28,1731,0
3,2017-09-04,1582,0
3,2017-09-11,1634,0
3,2017-09-18,1943,0
3,2017-09-25,1958,0
3,2017-10-02,1748,0
3,2017-10-09,1332,0
3,2017-10-16,1517,0
3,2017-10-23,1776,0
3,2017-10-30,2039,0
3,2017-11-06,1745,0
3,2017-11-13,1373,0
3,2017-11-20,1344,0
3,2017-11-27,1590,0
3,2017-12-04,1608,0
3,2017-12-11,1535,0
3,2017-12-18,1830,0
3,2017-12-25,1993,0
3,2018-01-01,1719,0
3,2018-01-08,1585,0
3,2018-01-15,1455,0
3,2018-01-22,1574,0
3,2018-01-29,1790,0
3,2018-02-05,1337,0
3,2018-02-12,1515,0
3,2018-02-19,1418,0
3,2018-02-26,1295,0
3,2018-03-05,1250,0
3,2018-03-12,1411,0
3,2018-03-19,1669,0
3,2018-03-26,1482,0
3,2018-04-02,1532,0
3,2018-04-09,1624,0
3,2018-04-16,1649,0
3,2018-04-23,1766,0
3,2018-04-30,1706,0
3,2018-05-07,1679,0
3,2018-05-14,1652,0
3,2018-05-21,1864,0
3,2018-05-28,1862,0
3,2018-06-04,1866,0
3,2018-06-11,1745,0
3,2018-06-18,1607,0
4,2017-01-02,512,0
4,2017-01-09,524,0
4,2017-01-16,497,0
4,2017-01-23,442,0
4,2017-01-30,645,0
4,2017-02-06,532,0
4,2017-02-13,525,0
4,2017-02-20,507,0
4,2017-02-27,520,0
4,2017-03-06,635,0
4,2017-03-13,559,0
4,2017-03-20,570,0
4,2017-03-27,587,0
4,2017-04-03,702,0
4,2017-04-10,567,0
4,2017-04-17,624,0
4,2017-04-24,527,0
4,2017-05-01,601,0
4,2017-05-08,624,0
4,2017-05-15,1424,0
4,2017-05-22,2289,0
4,2017-05-29,1344,0
4,2017-06-05,1207,0
4,2017-06-12,1091,0
4,2017-06-19,863,0
4,2017-06-26,837,0
4,2017-07-03,736,0
4,2017-07-10,775,0
4,2017-07-17,796,0
4,2017-07-24,851,0
4,2017-07-31,781,0
4,2017-08-07,854,0
4,2017-08-14,767,0
4,2017-08-21,745,0
4,2017-08-28,742,0
4,2017-09-04,713,0
4,2017-09-11,826,0
4,2017-09-18,783,0
4,2017-09-25,796,0
4,2017-10-02,639,0
4,2017-10-09,747,0
4,2017-10-16,723,0
4,2017-10-23,824,0
4,2017-10-30,1016,0
4,2017-11-06,1132,0
4,2017-11-13,886,0
4,2017-11-20,1173,0
4,2017-11-27,887,0
4,2017-12-04,1001,0
4,2017-12-11,894,0
4,2017-12-18,878,0
4,2017-12-25,957,0
4,2018-01-01,1232,0
4,2018-01-08,1101,0
4,2018-01-15,940,0
4,2018-01-22,1050,0
4,2018-01-29,938,0
4,2018-02-05,801,0
4,2018-02-12,980,0
4,2018-02-19,892,0
4,2018-02-26,929,0
4,2018-03-05,958,0
4,2018-03-12,1202,0
4,2018-03-19,1235,0
4,2018-03-26,1167,0
4,2018-04-02,1039,0
4,2018-04-09,1090,0
4,2018-04-16,1159,0
4,2018-04-23,979,0
4,2018-04-30,948,0
4,2018-05-07,933,0
4,2018-05-14,908,0
4,2018-05-21,916,0
4,2018-05-28,1358,0
4,2018-06-04,947,0
4,2018-06-11,850,0
4,2018-06-18,844,0
5,2017-01-02,2489,0
5,2017-01-09,2578,0
5,2017-01-16,2252,0
5,2017-01-23,2541,0
5,2017-01-30,2413,0
5,2017-02-06,2389,0
5,2017-02-13,2263,0
5,2017-02-20,2507,0
5,2017-02-27,2367,0
5,2017-03-06,2169,0
5,2017-03-13,2306,0
5,2017-03-20,2442,0
5,2017-03-27,2176,0
5,2017-04-03,2319,0
5,2017-04-10,2328,0
5,2017-04-17,2311,0
5,2017-04-24,2151,0
5,2017-05-01,2342,0
5,2017-05-08,2035,0
5,2017-05-15,1635,0
5,2017-05-22,1636,0
5,2017-05-29,1517,0
5,2017-06-05,1535,0
5,2017-06-12,1529,0
5,2017-06-19,1350,0
5,2017-06-26,1491,0
5,2017-07-03,1530,0
5,2017-07-10,1407,0
5,2017-07-17,1523,0
5,2017-07-24,1737,0
5,2017-07-31,1658,0
5,2017-08-07,1877,0
5,2017-08-14,1795,0
5,2017-08-21,1586,0
5,2017-08-28,1557,0
5,2017-09-04,1676,0
5,2017-09-11,1573,0
5,2017-09-18,1571,0
5,2017-09-25,1513,0
5,2017-10-02,1590,0
5,2017-10-09,1749,0
5,2017-10-16,1422,0
5,2017-10-23,1532,0
5,2017-10-30,1385,0
5,2017-11-06,1847,0
5,2017-11-13,1530,0
5,2017-11-20,1586,0
5,2017-11-27,1439,0
5,2017-12-04,1507,0
5,2017-12-11,1601,0
5,2017-12-18,1497,0
5,2017-12-25,1486,0
5,2018-01-01,1520,0
5,2018-01-08,1515,0
5,2018-01-15,1534,0
5,2018-01-22,1521,0
5,2018-01-29,1601,0
5,2018-02-05,1802,0
5,2018-02-12,2125,0
5,2018-02-19,2083,0
5,2018-02-26,2382,0
5,2018-03-05,2057,0
5,2018-03-12,1923,0
5,2018-03-19,1980,0
5,2018-03-26,2012,0
5,2018-04-02,1838,0
5,2018-04-09,2037,0
5,2018-04-16,1868,0
5,2018-04-23,1906,0
5,2018-04-30,1639,0
5,2018-05-07,1666,0
5,2018-05-14,1640,0
5,2018-05-21,1633,0
5,2018-05-28,1519,0
5,2018-06-04,1598,0
5,2018-06-11,1624,0
5,2018-06-18,1395,0
6,2017-01-02,1427,0
6,2017-01-09,1343,0
6,2017-01-16,1439,0
6,2017-01-23,1616,0
6,2017-01-30,1318,0
6,2017-02-06,1496,0
6,2017-02-13,1513,0
6,2017-02-20,1415,0
6,2017-02-27,1238,0
6,2017-03-06,1341,0
6,2017-03-13,1243,0
6,2017-03-20,1152,0
6,2017-03-27,1111,0
6,2017-04-03,1096,0
6,2017-04-10,1143,0
6,2017-04-17,1141,0
6,2017-04-24,1099,0
6,2017-05-01,1135,0
6,2017-05-08,970,0
6,2017-05-15,1000,0
6,2017-05-22,1039,0
6,2017-05-29,1021,0
6,2017-06-05,1063,0
6,2017-06-12,1027,0
6,2017-06-19,984,0
6,2017-06-26,1020,0
6,2017-07-03,1039,0
6,2017-07-10,1240,0
6,2017-07-17,1175,0
6,2017-07-24,1223,0
6,2017-07-31,1211,0
6,2017-08-07,1191,0
6,2017-08-14,1210,0
6,2017-08-21,1144,0
6,2017-08-28,1474,0
6,2017-09-04,1078,0
6,2017-09-11,1084,0
6,2017-09-18,1134,0
6,2017-09-25,1100,0
6,2017-10-02,1302,0
6,2017-10-09,1106,0
6,2017-10-16,1129,0
6,2017-10-23,996,0
6,2017-10-30,1166,0
6,2017-11-06,1373,0
6,2017-11-13,1248,0
6,2017-11-20,1210,0
6,2017-11-27,1181,0
6,2017-12-04,1116,0
6,2017-12-11,1185,0
6,2017-12-18,1271,0
6,2017-12-25,1298,0
6,2018-01-01,1223,0
6,2018-01-08,1189,0
6,2018-01-15,1186,0
6,2018-01-22,1195,0
6,2018-01-29,1270,0
6,2018-02-05,1171,0
6,2018-02-12,1146,0
6,2018-02-19,1129,0
6,2018-02-26,1148,0
6,2018-03-05,1207,0
6,2018-03-12,1334,0
6,2018-03-19,1291,0
6,2018-03-26,1194,0
6,2018-04-02,1197,0
6,2018-04-09,1243,0
6,2018-04-16,1227,0
6,2018-04-23,1311,0
6,2018-04-30,1240,0
6,2018-05-07,1327,0
6,2018-05-14,1193,0
6,2018-05-21,1274,0
6,2018-05-28,1136,0
6,2018-06-04,1166,0
6,2018-06-11,1153,0
6,2018-06-18,1081,0
7,2017-01-02,837,0
7,2017-01-09,815,0
7,2017-01-16,803,0
7,2017-01-23,795,0
7,2017-01-30,819,0
7,2017-02-06,869,0
7,2017-02-13,773,0
7,2017-02-20,783,0
7,2017-02-27,888,0
7,2017-03-06,851,0
7,2017-03-13,921,0
7,2017-03-20,875,0
7,2017-03-27,922,0
7,2017-04-03,872,0
7,2017-04-10,935,0
7,2017-04-17,929,0
7,2017-04-24,907,0
7,2017-05-01,1004,0
7,2017-05-08,951,0
7,2017-05-15,996,0
7,2017-05-22,1049,0
7,2017-05-29,1042,0
7,2017-06-05,1034,0
7,2017-06-12,1049,0
7,2017-06-19,1000,0
7,2017-06-26,1225,0
7,2017-07-03,1157,0
7,2017-07-10,1189,0
7,2017-07-17,1146,0
7,2017-07-24,895,0
7,2017-07-31,1047,0
7,2017-08-07,899,0
7,2017-08-14,924,0
7,2017-08-21,1011,0
7,2017-08-28,936,0
7,2017-09-04,873,0
7,2017-09-11,933,0
7,2017-09-18,1037,0
7,2017-09-25,1032,0
7,2017-10-02,1028,0
7,2017-10-09,1093,0
7,2017-10-16,916,0
7,2017-10-23,1080,0
7,2017-10-30,960,0
7,2017-11-06,806,0
7,2017-11-13,751,0
7,2017-11-20,844,0
7,2017-11-27,745,0
7,2017-12-04,683,0
7,2017-12-11,691,0
7,2017-12-18,746,0
7,2017-12-25,701,0
7,2018-01-01,740,0
7,2018-01-08,692,0
7,2018-01-15,740,0
7,2018-01-22,784,0
7,2018-01-29,735,0
7,2018-02-05,729,0
7,2018-02-12,811,0
7,2018-02-19,768,0
7,2018-02-26,822,0
7,2018-03-05,847,0
7,2018-03-12,854,0
7,2018-03-19,834,0
7,2018-03-26,1107,0
7,2018-04-02,1044,0
7,2018-04-09,956,0
7,2018-04-16,987,0
7,2018-04-23,1037,0
7,2018-04-30,1087,0
7,2018-05-07,828,0
7,2018-05-14,782,0
7,2018-05-21,802,0
7,2018-05-28,847,0
7,2018-06-04,1081,0
7,2018-06-11,1025,0
7,2018-06-18,1026,0
8,2017-01-02,727,0
8,2017-01-09,734,0
8,2017-01-16,581,0
8,2017-01-23,646,0
8,2017-01-30,653,0
8,2017-02-06,735,0
8,2017-02-13,733,0
8,2017-02-20,684,0
8,2017-02-27,624,0
8,2017-03-06,608,0
8,2017-03-13,591,0
8,2017-03-20,591,0
8,2017-03-27,534,0
8,2017-04-03,591,0
8,2017-04-10,626,0
8,2017-04-17,612,0
8,2017-04-24,621,0
8,2017-05-01,666,0
8,2017-05-08,559,0
8,2017-05-15,531,0
8,2017-05-22,533,0
8,2017-05-29,531,0
8,2017-06-05,510,0
8,2017-06-12,503,0
8,2017-06-19,442,0
8,2017-06-26,590,0
8,2017-07-03,571,0
8,2017-07-10,597,0
8,2017-07-17,574,0
8,2017-07-24,682,0
8,2017-07-31,574,0
8,2017-08-07,640,0
8,2017-08-14,668,0
8,2017-08-21,699,0
8,2017-08-28,645,0
8,2017-09-04,831,0
8,2017-09-11,804,0
8,2017-09-18,766,0
8,2017-09-25,797,0
8,2017-10-02,808,0
8,2017-10-09,898,0
8,2017-10-16,978,0
8,2017-10-23,1053,0
8,2017-10-30,983,0
8,2017-11-06,1176,0
8,2017-11-13,1136,0
8,2017-11-20,1291,0
8,2017-11-27,1194,0
8,2017-12-04,1185,0
8,2017-12-11,1230,0
8,2017-12-18,1279,0
8,2017-12-25,1255,0
8,2018-01-01,1196,0
8,2018-01-08,1213,0
8,2018-01-15,1177,0
8,2018-01-22,1089,0
8,2018-01-29,1115,0
8,2018-02-05,1117,0
8,2018-02-12,1132,0
8,2018-02-19,1088,0
8,2018-02-26,1000,0
8,2018-03-05,1025,0
8,2018-03-12,1135,0
8,2018-03-19,1114,0
8,2018-03-26,1099,0
8,2018-04-02,925,0
8,2018-04-09,944,0
8,2018-04-16,814,0
8,2018-04-23,859,0
8,2018-04-30,727,0
8,2018-05-07,715,0
8,2018-05-14,812,0
8,2018-05-21,776,0
8,2018-05-28,790,0
8,2018-06-04,709,0
8,2018-06-11,783,0
8,2018-06-18,810,0
9,2017-01-02,972,0
9,2017-01-09,982,0
9,2017-01-16,1145,0
9,2017-01-23,1163,0
9,2017-01-30,1076,0
9,2017-02-06,1134,0
9,2017-02-13,1119,0
9,2017-02-20,1102,0
9,2017-02-27,1111,0
9,2017-03-06,1091,0
9,2017-03-13,1028,0
9,2017-03-20,974,0
9,2017-03-27,967,0
9,2017-04-03,936,0
9,2017-04-10,917,0
9,2017-04-17,973,0
9,2017-04-24,1073,0
9,2017-05-01,942,0
9,2017-05-08,1055,0
9,2017-05-15,1131,0
9,2017-05-22,1048,0
9,2017-05-29,1138,0
9,2017-06-05,1106,0
9,2017-06-12,1156,0
9,2017-06-19,1027,0
9,2017-06-26,1202,0
9,2017-07-03,1207,0
9,2017-07-10,1285,0
9,2017-07-17,1239,0
9,2017-07-24,1249,0
9,2017-07-31,1266,0
9,2017-08-07,1363,0
9,2017-08-14,1198,0
9,2017-08-21,1194,0
9,2017-08-28,1281,0
9,2017-09-04,1349,0
9,2017-09-11,1340,0
9,2017-09-18,1378,0
9,2017-09-25,1566,0
9,2017-10-02,1542,0
9,2017-10-09,1475,0
9,2017-10-16,1533,0
9,2017-10-23,1536,0
9,2017-10-30,1341,0
9,2017-11-06,1489,0
9,2017-11-13,1463,0
9,2017-11-20,1557,0
9,2017-11-27,1666,0
9,2017-12-04,1681,0
9,2017-12-11,1749,0
9,2017-12-18,1815,0
9,2017-12-25,1371,0
9,2018-01-01,1595,0
9,2018-01-08,1733,0
9,2018-01-15,1846,0
9,2018-01-22,1719,0
9,2018-01-29,1789,0
9,2018-02-05,1811,0
9,2018-02-12,1860,0
9,2018-02-19,1919,0
9,2018-02-26,1788,0
9,2018-03-05,2101,0
9,2018-03-12,3601,0
9,2018-03-19,3250,0
9,2018-03-26,2743,0
9,2018-04-02,2431,0
9,2018-04-09,2401,0
9,2018-04-16,2224,0
9,2018-04-23,2402,0
9,2018-04-30,2222,0
9,2018-05-07,2279,0
9,2018-05-14,2319,0
9,2018-05-21,2292,0
9,2018-05-28,2293,0
9,2018-06-04,2356,0
9,2018-06-11,2395,0
9,2018-06-18,2364,0
10,2017-01-02,1005,0
10,2017-01-09,900,0
10,2017-01-16,1038,0
10,2017-01-23,1015,0
10,2017-01-30,1120,0
10,2017-02-06,1184,0
10,2017-02-13,1181,0
10,2017-02-20,1136,0
10,2017-02-27,1126,0
10,2017-03-06,1051,0
10,2017-03-13,1222,0
10,2017-03-20,1120,0
10,2017-03-27,1097,0
10,2017-04-03,1195,0
10,2017-04-10,1204,0
10,2017-04-17,1133,0
10,2017-04-24,1141,0
10,2017-05-01,1185,0
10,2017-05-08,1160,0
10,2017-05-15,1212,0
10,2017-05-22,1223,0
10,2017-05-29,1179,0
10,2017-06-05,1218,0
10,2017-06-12,1234,0
10,2017-06-19,1116,0
10,2017-06-26,1148,0
10,2017-07-03,1158,0
10,2017-07-10,1210,0
10,2017-07-17,1300,0
10,2017-07-24,1333,0
10,2017-07-31,1414,0
10,2017-08-07,1481,0
10,2017-08-14,1405,0
10,2017-08-21,1339,0
10,2017-08-28,1268,0
10,2017-09-04,1319,0
10,2017-09-11,1431,0
10,2017-09-18,1319,0
10,2017-09-25,1446,0
10,2017-10-02,1601,0
10,2017-10-09,1481,0
10,2017-10-16,1504,0
10,2017-10-23,1453,0
10,2017-10-30,1646,0
10,2017-11-06,1512,0
10,2017-11-13,1905,0
10,2017-11-20,1782,0
10,2017-11-27,1648,0
10,2017-12-04,1648,0
10,2017-12-11,1729,0
10,2017-12-18,2252,0
10,2017-12-25,2061,0
10,2018-01-01,2058,0
10,2018-01-08,1849,0
10,2018-01-15,1822,0
10,2018-01-22,1995,0
10,2018-01-29,1877,0
10,2018-02-05,1805,0
10,2018-02-12,1633,0
10,2018-02-19,1802,0
10,2018-02-26,2047,0
10,2018-03-05,2060,0
10,2018-03-12,1917,0
10,2018-03-19,2042,0
10,2018-03-26,1940,0
10,2018-04-02,1810,0
10,2018-04-09,1704,0
10,2018-04-16,1937,0
10,2018-04-23,1927,0
10,2018-04-30,2000,0
10,2018-05-07,2288,0
10,2018-05-14,2432,0
10,2018-05-21,2199,0
10,2018-05-28,2224,0
10,2018-06-04,2133,0
10,2018-06-11,1919,0
10,2018-06-18,1997,0
11,2017-01-02,1446,0
11,2017-01-09,1365,0
11,2017-01-16,1438,0
11,2017-01-23,1453,0
11,2017-01-30,1540,0
11,2017-02-06,1642,0
11,2017-02-13,1681,0
11,2017-02-20,1704,0
11,2017-02-27,1549,0
11,2017-03-06,1622,0
11,2017-03-13,1631,0
11,2017-03-20,1562,0
11,2017-03-27,1722,0
11,2017-04-03,1560,0
11,2017-04-10,1743,0
11,2017-04-17,1565,0
11,2017-04-24,1630,0
11,2017-05-01,1619,0
11,2017-05-08,1602,0
11,2017-05-15,1624,0
11,2017-05-22,1699,0
11,2017-05-29,1759,0
11,2017-06-05,1706,0
11,2017-06-12,1725,0
11,2017-06-19,1550,0
11,2017-06-26,1607,0
11,2017-07-03,1758,0
11,2017-07-10,1777,0
11,2017-07-17,1830,0
11,2017-07-24,1858,0
11,2017-07-31,1964,0
11,2017-08-07,2048,0
11,2017-08-14,2005,0
11,2017-08-21,1945,0
11,2017-08-28,1877,0
11,2017-09-04,1735,0
11,2017-09-11,1687,0
11,2017-09-18,1711,0
11,2017-09-25,1750,0
11,2017-10-02,2015,0
11,2017-10-09,1760,0
11,2017-10-16,1995,0
11,2017-10-23,1834,0
11,2017-10-30,1947,0
11,2017-11-06,2133,0
11,2017-11-13,2150,0
11,2017-11-20,2019,0
11,2017-11-27,1994,0
11,2017-12-04,2145,0
11,2017-12-11,2200,0
11,2017-12-18,2796,0
11,2017-12-25,3030,0
11,2018-01-01,2933,0
11,2018-01-08,2740,0
11,2018-01-15,2553,0
11,2018-01-22,2660,0
11,2018-01-29,2464,0
11,2018-02-05,2351,0
11,2018-02-12,2206,0
11,2018-02-19,2246,0
11,2018-02-26,2523,0
11,2018-03-05,2492,0
11,2018-03-12,2300,0
11,2018-03-19,2508,0
11,2018-03-26,2499,0
11,2018-04-02,2385,0
11,2018-04-09,2344,0
11,2018-04-16,2493,0
11,2018-04-23,2487,0
11,2018-04-30,2671,0
11,2018-05-07,3016,0
11,2018-05-14,3222,0
11,2018-05-21,2787,0
11,2018-05-28,2809,0
11,2018-06-04,2618,0
11,2018-06-11,2485,0
11,2018-06-18,2439,0
12,2017-01-02,655,0
12,2017-01-09,578,0
12,2017-01-16,721,0
12,2017-01-23,567,0
12,2017-01-30,605,0
12,2017-02-06,640,0
12,2017-02-13,591,0
12,2017-02-20,597,0
12,2017-02-27,633,0
12,2017-03-06,637,0
12,2017-03-13,589,0
12,2017-03-20,635,0
12,2017-03-27,749,0
12,2017-04-03,804,0
12,2017-04-10,738,0
12,2017-04-17,684,0
12,2017-04-24,688,0
12,2017-05-01,650,0
12,2017-05-08,844,0
12,2017-05-15,853,0
12,2017-05-22,737,0
12,2017-05-29,754,0
12,2017-06-05,735,0
12,2017-06-12,879,0
12,2017-06-19,798,0
12,2017-06-26,757,0
12,2017-07-03,849,0
12,2017-07-10,724,0
12,2017-07-17,829,0
12,2017-07-24,808,0
12,2017-07-31,805,0
12,2017-08-07,800,0
12,2017-08-14,757,0
12,2017-08-21,691,0
12,2017-08-28,687,0
12,2017-09-04,738,0
12,2017-09-11,648,0
12,2017-09-18,708,0
12,2017-09-25,640,0
12,2017-10-02,667,0
12,2017-10-09,732,0
12,2017-10-16,909,0
12,2017-10-23,792,0
12,2017-10-30,638,0
12,2017-11-06,675,0
12,2017-11-13,715,0
12,2017-11-20,585,0
12,2017-11-27,782,0
12,2017-12-04,635,0
12,2017-12-11,581,0
12,2017-12-18,696,0
12,2017-12-25,765,0
12,2018-01-01,718,0
12,2018-01-08,749,0
12,2018-01-15,788,0
12,2018-01-22,822,0
12,2018-01-29,862,0
12,2018-02-05,838,0
12,2018-02-12,846,0
12,2018-02-19,890,0
12,2018-02-26,778,0
12,2018-03-05,939,0
12,2018-03-12,826,0
12,2018-03-19,785,0
12,2018-03-26,948,0
12,2018-04-02,835,0
12,2018-04-09,826,0
12,2018-04-16,922,0
12,2018-04-23,894,0
12,2018-04-30,883,0
12,2018-05-07,885,0
12,2018-05-14,865,0
12,2018-05-21,917,0
12,2018-05-28,832,0
12,2018-06-04,1024,0
12,2018-06-11,1137,0
12,2018-06-18,924,0
13,2017-01-02,1211,0
13,2017-01-09,1351,0
13,2017-01-16,1293,0
13,2017-01-23,1269,0
13,2017-01-30,1453,0
13,2017-02-06,1649,0
13,2017-02-13,1912,0
13,2017-02-20,5551,0
13,2017-02-27,2726,0
13,2017-03-06,973,0
13,2017-03-13,921,0
13,2017-03-20,976,0
13,2017-03-27,794,0
13,2017-04-03,791,0
13,2017-04-10,870,0
13,2017-04-17,872,0
13,2017-04-24,969,0
13,2017-05-01,830,0
13,2017-05-08,957,0
13,2017-05-15,977,0
13,2017-05-22,1065,0
13,2017-05-29,940,0
13,2017-06-05,970,0
13,2017-06-12,944,0
13,2017-06-19,844,0
13,2017-06-26,1082,0
13,2017-07-03,1106,0
13,2017-07-10,1024,0
13,2017-07-17,1157,0
13,2017-07-24,1107,0
13,2017-07-31,1153,0
13,2017-08-07,958,0
13,2017-08-14,986,0
13,2017-08-21,786,0
13,2017-08-28,720,0
13,2017-09-04,916,0
13,2017-09-11,933,0
13,2017-09-18,1259,0
13,2017-09-25,1417,0
13,2017-10-02,947,0
13,2017-10-09,928,0
13,2017-10-16,895,0
13,2017-10-23,857,0
13,2017-10-30,828,0
13,2017-11-06,912,0
13,2017-11-13,711,0
13,2017-11-20,779,0
13,2017-11-27,721,0
13,2017-12-04,782,0
13,2017-12-11,682,0
13,2017-12-18,855,0
13,2017-12-25,1245,0
13,2018-01-01,948,0
13,2018-01-08,934,0
13,2018-01-15,977,0
13,2018-01-22,1244,0
13,2018-01-29,1292,0
13,2018-02-05,3521,0
13,2018-02-12,1624,0
13,2018-02-19,1000,0
13,2018-02-26,1011,0
13,2018-03-05,970,0
13,2018-03-12,930,0
13,2018-03-19,804,0
13,2018-03-26,955,0
13,2018-04-02,886,0
13,2018-04-09,771,0
13,2018-04-16,882,0
13,2018-04-23,872,0
13,2018-04-30,873,0
13,2018-05-07,993,0
13,2018-05-14,909,0
13,2018-05-21,852,0
13,2018-05-28,859,0
13,2018-06-04,868,0
13,2018-06-11,833,0
13,2018-06-18,805,0
14,2017-01-02,187,0
14,2017-01-09,176,0
14,2017-01-16,206,0
14,2017-01-23,188,0
14,2017-01-30,181,0
14,2017-02-06,188,0
14,2017-02-13,201,0
14,2017-02-20,188,0
14,2017-02-27,217,0
14,2017-03-06,221,0
14,2017-03-13,242,0
14,2017-03-20,278,0
14,2017-03-27,325,0
14,2017-04-03,323,0
14,2017-04-10,361,0
14,2017-04-17,305,0
14,2017-04-24,391,0
14,2017-05-01,296,0
14,2017-05-08,317,0
14,2017-05-15,355,0
14,2017-05-22,438,0
14,2017-05-29,429,0
14,2017-06-05,416,0
14,2017-06-12,377,0
14,2017-06-19,409,0
14,2017-06-26,413,0
14,2017-07-03,393,0
14,2017-07-10,463,0
14,2017-07-17,479,0
14,2017-07-24,443,0
14,2017-07-31,531,0
14,2017-08-07,432,0
14,2017-08-14,491,0
14,2017-08-21,442,0
14,2017-08-28,405,0
14,2017-09-04,497,0
14,2017-09-11,440,0
14,2017-09-18,450,0
14,2017-09-25,426,0
14,2017-10-02,4663,0
14,2017-10-09,1524,0
14,2017-10-16,1120,0
14,2017-10-23,1005,0
14,2017-10-30,882,0
14,2017-11-06,704,0
14,2017-11-13,907,0
14,2017-11-20,602,0
14,2017-11-27,621,0
14,2017-12-04,718,0
14,2017-12-11,747,0
14,2017-12-18,698,0
14,2017-12-25,801,0
14,2018-01-01,726,0
14,2018-01-08,700,0
14,2018-01-15,647,0
14,2018-01-22,638,0
14,2018-01-29,570,0
14,2018-02-05,616,0
14,2018-02-12,571,0
14,2018-02-19,589,0
14,2018-02-26,518,0
14,2018-03-05,559,0
14,2018-03-12,505,0
14,2018-03-19,607,0
14,2018-03-26,682,0
14,2018-04-02,581,0
14,2018-04-09,642,0
14,2018-04-16,778,0
14,2018-04-23,838,0
14,2018-04-30,812,0
14,2018-05-07,792,0
14,2018-05-14,709,0
14,2018-05-21,693,0
14,2018-05-28,667,0
14,2018-06-04,799,0
14,2018-06-11,659,0
14,2018-06-18,697,0
15,2017-01-02,772,0
15,2017-01-09,859,0
15,2017-01-16,925,0
15,2017-01-23,883,0
15,2017-01-30,746,0
15,2017-02-06,807,0
15,2017-02-13,733,0
15,2017-02-20,670,0
15,2017-02-27,656,0
15,2017-03-06,618,0
15,2017-03-13,625,0
15,2017-03-20,640,0
15,2017-03-27,572,0
15,2017-04-03,584,0
15,2017-04-10,756,0
15,2017-04-17,687,0
15,2017-04-24,727,0
15,2017-05-01,743,0
15,2017-05-08,666,0
15,2017-05-15,577,0
15,2017-05-22,565,0
15,2017-05-29,503,0
15,2017-06-05,540,0
15,2017-06-12,520,0
15,2017-06-19,563,0
15,2017-06-26,678,0
15,2017-07-03,625,0
15,2017-07-10,666,0
15,2017-07-17,711,0
15,2017-07-24,693,0
15,2017-07-31,620,0
15,2017-08-07,754,0
15,2017-08-14,694,0
15,2017-08-21,691,0
15,2017-08-28,709,0
15,2017-09-04,884,0
15,2017-09-11,948,0
15,2017-09-18,887,0
15,2017-09-25,1070,0
15,2017-10-02,1086,0
15,2017-10-09,1144,0
15,2017-10-16,1208,0
15,2017-10-23,1114,0
15,2017-10-30,979,0
15,2017-11-06,979,0
15,2017-11-13,1056,0
15,2017-11-20,1078,0
15,2017-11-27,1123,0
15,2017-12-04,1092,0
15,2017-12-11,1075,0
15,2017-12-18,1098,0
15,2017-12-25,1095,0
15,2018-01-01,1038,0
15,2018-01-08,1072,0
15,2018-01-15,1112,0
15,2018-01-22,1067,0
15,2018-01-29,1163,0
15,2018-02-05,1024,0
15,2018-02-12,1033,0
15,2018-02-19,1065,0
15,2018-02-26,1181,0
15,2018-03-05,1112,0
15,2018-03-12,1136,0
15,2018-03-19,1037,0
15,2018-03-26,1218,0
15,2018-04-02,946,0
15,2018-04-09,786,0
15,2018-04-16,878,0
15,2018-04-23,907,0
15,2018-04-30,812,0
15,2018-05-07,801,0
15,2018-05-14,777,0
15,2018-05-21,857,0
15,2018-05-28,766,0
15,2018-06-04,885,0
15,2018-06-11,839,0
15,2018-06-18,821,0
16,2017-01-02,662,0
16,2017-01-09,660,0
16,2017-01-16,625,0
16,2017-01-23,632,0
16,2017-01-30,742,0
16,2017-02-06,707,0
16,2017-02-13,710,0
16,2017-02-20,714,0
16,2017-02-27,626,0
16,2017-03-06,661,0
16,2017-03-13,730,0
16,2017-03-20,1039,0
16,2017-03-27,1169,0
16,2017-04-03,853,0
16,2017-04-10,953,0
16,2017-04-17,881,0
16,2017-04-24,1070,0
16,2017-05-01,805,0
16,2017-05-08,854,0
16,2017-05-15,933,0
16,2017-05-22,948,0
16,2017-05-29,883,0
16,2017-06-05,884,0
16,2017-06-12,949,0
16,2017-06-19,895,0
16,2017-06-26,956,0
16,2017-07-03,952,0
16,2017-07-10,1067,0
16,2017-07-17,958,0
16,2017-07-24,892,0
16,2017-07-31,959,0
16,2017-08-07,918,0
16,2017-08-14,1050,0
16,2017-08-21,1191,0
16,2017-08-28,1160,0
16,2017-09-04,1041,0
16,2017-09-11,835,0
16,2017-09-18,1087,0
16,2017-09-25,1056,0
16,2017-10-02,990,0
16,2017-10-09,966,0
16,2017-10-16,1095,0
16,2017-10-23,1278,0
16,2017-10-30,1001,0
16,2017-11-06,862,0
16,2017-11-13,901,0
16,2017-11-20,1155,0
16,2017-11-27,987,0
16,2017-12-04,948,0
16,2017-12-11,990,0
16,2017-12-18,1114,0
16,2017-12-25,1153,0
16,2018-01-01,1124,0
16,2018-01-08,1036,0
16,2018-01-15,974,0
16,2018-01-22,1314,0
16,2018-01-29,1026,0
16,2018-02-05,969,0
16,2018-02-12,970,0
16,2018-02-19,962,0
16,2018-02-26,1035,0
16,2018-03-05,1258,0
16,2018-03-12,1131,0
16,2018-03-19,1025,0
16,2018-03-26,1147,0
16,2018-04-02,1198,0
16,2018-04-09,1090,0
16,2018-04-16,1120,0
16,2018-04-23,1115,0
16,2018-04-30,1402,0
16,2018-05-07,1338,0
16,2018-05-14,1115,0
16,2018-05-21,1147,0
16,2018-05-28,1063,0
16,2018-06-04,1194,0
16,2018-06-11,1107,0
16,2018-06-18,925,0
17,2017-01-02,617,0
17,2017-01-09,672,0
17,2017-01-16,598,0
17,2017-01-23,509,0
17,2017-01-30,566,0
17,2017-02-06,621,0
17,2017-02-13,589,0
17,2017-02-20,664,0
17,2017-02-27,672,0
17,2017-03-06,738,0
17,2017-03-13,827,0
17,2017-03-20,666,0
17,2017-03-27,735,0
17,2017-04-03,787,0
17,2017-04-10,693,0
17,2017-04-17,708,0
17,2017-04-24,725,0
17,2017-05-01,675,0
17,2017-05-08,697,0
17,2017-05-15,705,0
17,2017-05-22,860,0
17,2017-05-29,603,0
17,2017-06-05,707,0
17,2017-06-12,631,0
17,2017-06-19,599,0
17,2017-06-26,646,0
17,2017-07-03,944,0
17,2017-07-10,724,0
17,2017-07-17,686,0
17,2017-07-24,596,0
17,2017-07-31,625,0
17,2017-08-07,992,0
17,2017-08-14,686,0
17,2017-08-21,709,0
17,2017-08-28,771,0
17,2017-09-04,608,0
17,2017-09-11,745,0
17,2017-09-18,873,0
17,2017-09-25,818,0
17,2017-10-02,881,0
17,2017-10-09,939,0
17,2017-10-16,962,0
17,2017-10-23,952,0
17,2017-10-30,990,0
17,2017-11-06,867,0
17,2017-11-13,836,0
17,2017-11-20,930,0
17,2017-11-27,752,0
17,2017-12-04,647,0
17,2017-12-11,720,0
17,2017-12-18,777,0
17,2017-12-25,916,0
17,2018-01-01,941,0
17,2018-01-08,944,0
17,2018-01-15,817,0
17,2018-01-22,969,0
17,2018-01-29,1085,0
17,2018-02-05,898,0
17,2018-02-12,1002,0
17,2018-02-19,889,0
17,2018-02-26,805,0
17,2018-03-05,1222,0
17,2018-03-12,896,0
17,2018-03-19,894,0
17,2018-03-26,1007,0
17,2018-04-02,1135,0
17,2018-04-09,1334,0
17,2018-04-16,962,0
17,2018-04-23,1052,0
17,2018-04-30,829,0
17,2018-05-07,949,0
17,2018-05-14,1179,0
17,2018-05-21,846,0
17,2018-05-28,815,0
17,2018-06-04,884,0
17,2018-06-11,897,0
17,2018-06-18,868,0
18,2017-01-02,1184,0
18,2017-01-09,1182,0
18,2017-01-16,1208,0
18,2017-01-23,1146,0
18,2017-01-30,1093,0
18,2017-02-06,1018,0
18,2017-02-13,1052,0
18,2017-02-20,999,0
18,2017-02-27,887,0
18,2017-03-06,994,0
18,2017-03-13,818,0
18,2017-03-20,955,0
18,2017-03-27,859,0
18,2017-04-03,834,0
18,2017-04-10,1035,0
18,2017-04-17,974,0
18,2017-04-24,983,0
18,2017-05-01,941,0
18,2017-05-08,885,0
18,2017-05-15,942,0
18,2017-05-22,858,0
18,2017-05-29,863,0
18,2017-06-05,996,0
18,2017-06-12,945,0
18,2017-06-19,960,0
18,2017-06-26,1104,0
18,2017-07-03,876,0
18,2017-07-10,905,0
18,2017-07-17,823,0
18,2017-07-24,940,0
18,2017-07-31,959,0
18,2017-08-07,889,0
18,2017-08-14,799,0
18,2017-08-21,856,0
18,2017-08-28,858,0
18,2017-09-04,830,0
18,2017-09-11,976,0
18,2017-09-18,1042,0
18,2017-09-25,929,0
18,2017-10-02,869,0
18,2017-10-09,945,0
18,2017-10-16,1023,0
18,2017-10-23,973,0
18,2017-10-30,1066,0
18,2017-11-06,1144,0
18,2017-11-13,1091,0
18,2017-11-20,1051,0
18,2017-11-27,1070,0
18,2017-12-04,1059,0
18,2017-12-11,1031,0
18,2017-12-18,1107,0
18,2017-12-25,1256,0
18,2018-01-01,1199,0
18,2018-01-08,1177,0
18,2018-01-15,1131,0
18,2018-01-22,1060,0
18,2018-01-29,1106,0
18,2018-02-05,1026,0
18,2018-02-12,1012,0
18,2018-02-19,1003,0
18,2018-02-26,1049,0
18,2018-03-05,901,0
18,2018-03-12,965,0
18,2018-03-19,1021,0
18,2018-03-26,1093,0
18,2018-04-02,961,0
18,2018-04-09,1073,0
18,2018-04-16,977,0
18,2018-04-23,1149,0
18,2018-04-30,1049,0
18,2018-05-07,915,0
18,2018-05-14,862,0
18,2018-05-21,1036,0
18,2018-05-28,919,0
18,2018-06-04,933,0
18,2018-06-11,934,0
18,2018-06-18,1043,0
19,2017-01-02,764,0
19,2017-01-09,700,0
19,2017-01-16,771,0
19,2017-01-23,841,0
19,2017-01-30,858,0
19,2017-02-06,898,0
19,2017-02-13,872,0
19,2017-02-20,839,0
19,2017-02-27,754,0
19,2017-03-06,893,0
19,2017-03-13,794,0
19,2017-03-20,734,0
19,2017-03-27,726,0
19,2017-04-03,710,0
19,2017-04-10,808,0
19,2017-04-17,781,0
19,2017-04-24,847,0
19,2017-05-01,904,0
19,2017-05-08,819,0
19,2017-05-15,868,0
19,2017-05-22,775,0
19,2017-05-29,1140,0
19,2017-06-05,868,0
19,2017-06-12,802,0
19,2017-06-19,734,0
19,2017-06-26,751,0
19,2017-07-03,761,0
19,2017-07-10,1036,0
19,2017-07-17,990,0
19,2017-07-24,959,0
19,2017-07-31,857,0
19,2017-08-07,924,0
19,2017-08-14,882,0
19,2017-08-21,920,0
19,2017-08-28,971,0
19,2017-09-04,978,0
19,2017-09-11,999,0
19,2017-09-18,1009,0
19,2017-09-25,1067,0
19,2017-10-02,1079,0
19,2017-10-09,991,0
19,2017-10-16,1078,0
19,2017-10-23,987,0
19,2017-10-30,951,0
19,2017-11-06,1120,0
19,2017-11-13,1100,0
19,2017-11-20,1047,0
19,2017-11-27,1051,0
19,2017-12-04,1116,0
19,2017-12-11,1211,0
19,2017-12-18,1325,0
19,2017-12-25,1016,0
19,2018-01-01,1011,0
19,2018-01-08,1150,0
19,2018-01-15,1035,0
19,2018-01-22,1069,0
19,2018-01-29,1084,0
19,2018-02-05,1051,0
19,2018-02-12,1303,0
19,2018-02-19,1013,0
19,2018-02-26,1076,0
19,2018-03-05,1100,0
19,2018-03-12,1055,0
19,2018-03-19,919,0
19,2018-03-26,866,0
19,2018-04-02,914,0
19,2018-04-09,987,0
19,2018-04-16,953,0
19,2018-04-23,898,0
19,2018-04-30,811,0
19,2018-05-07,791,0
19,2018-05-14,833,0
19,2018-05-21,832,0
19,2018-05-28,748,0
19,2018-06-04,802,0
19,2018-06-11,809,0
19,2018-06-18,1108,0
20,2017-01-02,558,0
20,2017-01-09,630,0
20,2017-01-16,563,0
20,2017-01-23,622,0
20,2017-01-30,602,0
20,2017-02-06,574,0
20,2017-02-13,475,0
20,2017-02-20,482,0
20,2017-02-27,520,0
20,2017-03-06,531,0
20,2017-03-13,747,0
20,2017-03-20,573,0
20,2017-03-27,509,0
20,2017-04-03,488,0
20,2017-04-10,546,0
20,2017-04-17,622,0
20,2017-04-24,570,0
20,2017-05-01,550,0
20,2017-05-08,517,0
20,2017-05-15,600,0
20,2017-05-22,625,0
20,2017-05-29,601,0
20,2017-06-05,616,0
20,2017-06-12,604,0
20,2017-06-19,617,0
20,2017-06-26,787,0
20,2017-07-03,654,0
20,2017-07-10,786,0
20,2017-07-17,756,0
20,2017-07-24,799,0
20,2017-07-31,776,0
20,2017-08-07,773,0
20,2017-08-14,775,0
20,2017-08-21,739,0
20,2017-08-28,723,0
20,2017-09-04,791,0
20,2017-09-11,755,0
20,2017-09-18,754,0
20,2017-09-25,784,0
20,2017-10-02,925,0
20,2017-10-09,867,0
20,2017-10-16,915,0
20,2017-10-23,942,0
20,2017-10-30,1112,0
20,2017-11-06,1067,0
20,2017-11-13,1028,0
20,2017-11-20,1061,0
20,2017-11-27,1059,0
20,2017-12-04,1039,0
20,2017-12-11,1078,0
20,2017-12-18,1256,0
20,2017-12-25,1332,0
20,2018-01-01,1190,0
20,2018-01-08,1172,0
20,2018-01-15,1054,0
20,2018-01-22,1070,0
20,2018-01-29,1150,0
20,2018-02-05,1038,0
20,2018-02-12,1011,0
20,2018-02-19,1153,0
20,2018-02-26,1137,0
20,2018-03-05,1069,0
20,2018-03-12,1701,0
20,2018-03-19,1267,0
20,2018-03-26,1182,0
20,2018-04-02,1060,0
20,2018-04-09,1005,0
20,2018-04-16,1027,0
20,2018-04-23,992,0
20,2018-04-30,955,0
20,2018-05-07,981,0
20,2018-05-14,985,0
20,2018-05-21,1018,0
20,2018-05-28,1118,0
20,2018-06-04,1119,0
20,2018-06-11,1051,0
20,2018-06-18,974,0
21,2017-01-02,2425,0
21,2017-01-09,2348,0
21,2017-01-16,2284,0
21,2017-01-23,2591,0
21,2017-01-30,2433,0
21,2017-02-06,2398,0
21,2017-02-13,2213,0
21,2017-02-20,2048,0
21,2017-02-27,2030,0
21,2017-03-06,2205,0
21,2017-03-13,2032,0
21,2017-03-20,2084,0
21,2017-03-27,1975,0
21,2017-04-03,2215,0
21,2017-04-10,2130,0
21,2017-04-17,2087,0
21,2017-04-24,2239,0
21,2017-05-01,2196,0
21,2017-05-08,1964,0
21,2017-05-15,2046,0
21,2017-05-22,1971,0
21,2017-05-29,1886,0
21,2017-06-05,1946,0
21,2017-06-12,1855,0
21,2017-06-19,1734,0
21,2017-06-26,2179,0
21,2017-07-03,1760,0
21,2017-07-10,1905,0
21,2017-07-17,2161,0
21,2017-07-24,1825,0
21,2017-07-31,1678,0
21,2017-08-07,1796,0
21,2017-08-14,1702,0
21,2017-08-21,1866,0
21,2017-08-28,1848,0
21,2017-09-04,1964,0
21,2017-09-11,2099,0
21,2017-09-18,2075,0
21,2017-09-25,2133,0
21,2017-10-02,2239,0
21,2017-10-09,2024,0
21,2017-10-16,2342,0
21,2017-10-23,2350,0
21,2017-10-30,2763,0
21,2017-11-06,3295,0
21,2017-11-13,3806,0
21,2017-11-20,3231,0
21,2017-11-27,2636,0
21,2017-12-04,2761,0
21,2017-12-11,2740,0
21,2017-12-18,2600,0
21,2017-12-25,2589,0
21,2018-01-01,2467,0
21,2018-01-08,2650,0
21,2018-01-15,2949,0
21,2018-01-22,2985,0
21,2018-01-29,2707,0
21,2018-02-05,2559,0
21,2018-02-12,2778,0
21,2018-02-19,2870,0
21,2018-02-26,2762,0
21,2018-03-05,2467,0
21,2018-03-12,2339,0
21,2018-03-19,2419,0
21,2018-03-26,2495,0
21,2018-04-02,2251,0
21,2018-04-09,2000,0
21,2018-04-16,1852,0
21,2018-04-23,1990,0
21,2018-04-30,1847,0
21,2018-05-07,1957,0
21,2018-05-14,1905,0
21,2018-05-21,1938,0
21,2018-05-28,1884,0
21,2018-06-04,1769,0
21,2018-06-11,1839,0
21,2018-06-18,1833,0
22,2017-01-02,2815,0
22,2017-01-09,2801,0
22,2017-01-16,3347,0
22,2017-01-23,3168,0
22,2017-01-30,3616,0
22,2017-02-06,2884,0
22,2017-02-13,2815,0
22,2017-02-20,2672,0
22,2017-02-27,2508,0
22,2017-03-06,2401,0
22,2017-03-13,2599,0
22,2017-03-20,2494,0
22,2017-03-27,2581,0
22,2017-04-03,2406,0
22,2017-04-10,2327,0
22,2017-04-17,2371,0
22,2017-04-24,2240,0
22,2017-05-01,2204,0
22,2017-05-08,2088,0
22,2017-05-15,2092,0
22,2017-05-22,2134,0
22,2017-05-29,2106,0
22,2017-06-05,2337,0
22,2017-06-12,2184,0
22,2017-06-19,2137,0
22,2017-06-26,2286,0
22,2017-07-03,2664,0
22,2017-07-10,2707,0
22,2017-07-17,2483,0
22,2017-07-24,2318,0
22,2017-07-31,2274,0
22,2017-08-07,2673,0
22,2017-08-14,2427,0
22,2017-08-21,2593,0
22,2017-08-28,2562,0
22,2017-09-04,2647,0
22,2017-09-11,2619,0
22,2017-09-18,2555,0
22,2017-09-25,2861,0
22,2017-10-02,3039,0
22,2017-10-09,2627,0
22,2017-10-16,2500,0
22,2017-10-23,2744,0
22,2017-10-30,3284,0
22,2017-11-06,2928,0
22,2017-11-13,2693,0
22,2017-11-20,2660,0
22,2017-11-27,2740,0
22,2017-12-04,2798,0
22,2017-12-11,2789,0
22,2017-12-18,2677,0
22,2017-12-25,2659,0
22,2018-01-01,2739,0
22,2018-01-08,2910,0
22,2018-01-15,2574,0
22,2018-01-22,2787,0
22,2018-01-29,2753,0
22,2018-02-05,2549,0
22,2018-02-12,2455,0
22,2018-02-19,2503,0
22,2018-02-26,2477,0
22,2018-03-05,2529,0
22,2018-03-12,2477,0
22,2018-03-19,2425,0
22,2018-03-26,2466,0
22,2018-04-02,2144,0
22,2018-04-09,2363,0
22,2018-04-16,2341,0
22,2018-04-23,2072,0
22,2018-04-30,2081,0
22,2018-05-07,2229,0
22,2018-05-14,2161,0
22,2018-05-21,2258,0
22,2018-05-28,2073,0
22,2018-06-04,1921,0
22,2018-06-11,1936,0
22,2018-06-18,1784,0
23,2017-01-02,2596,0
23,2017-01-09,2715,0
23,2017-01-16,3013,0
23,2017-01-23,3153,0
23,2017-01-30,3415,0
23,2017-02-06,2993,0
23,2017-02-13,2912,0
23,2017-02-20,2592,0
23,2017-02-27,2461,0
23,2017-03-06,2391,0
23,2017-03-13,2546,0
23,2017-03-20,2527,0
23,2017-03-27,2295,0
23,2017-04-03,2350,0
23,2017-04-10,2255,0
23,2017-04-17,2494,0
23,2017-04-24,2343,0
23,2017-05-01,2273,0
23,2017-05-08,2307,0
23,2017-05-15,2276,0
23,2017-05-22,2218,0
23,2017-05-29,2238,0
23,2017-06-05,2164,0
23,2017-06-12,2374,0
23,2017-06-19,2285,0
23,2017-06-26,2292,0
23,2017-07-03,2113,0
23,2017-07-10,2674,0
23,2017-07-17,2488,0
23,2017-07-24,2450,0
23,2017-07-31,2333,0
23,2017-08-07,2532,0
23,2017-08-14,2474,0
23,2017-08-21,2598,0
23,2017-08-28,2692,0
23,2017-09-04,2795,0
23,2017-09-11,2729,0
23,2017-09-18,2795,0
23,2017-09-25,2898,0
23,2017-10-02,3252,0
23,2017-10-09,2844,0
23,2017-10-16,2803,0
23,2017-10-23,2892,0
23,2017-10-30,3455,0
23,2017-11-06,3304,0
23,2017-11-13,2958,0
23,2017-11-20,2892,0
23,2017-11-27,3059,0
23,2017-12-04,2934,0
23,2017-12-11,2935,0
23,2017-12-18,3004,0
23,2017-12-25,2760,0
23,2018-01-01,3012,0
23,2018-01-08,3127,0
23,2018-01-15,3229,0
23,2018-01-22,3210,0
23,2018-01-29,3275,0
23,2018-02-05,3020,0
23,2018-02-12,2919,0
23,2018-02-19,2954,0
23,2018-02-26,2767,0
23,2018-03-05,2972,0
23,2018-03-12,2990,0
23,2018-03-19,2712,0
23,2018-03-26,2797,0
23,2018-04-02,2495,0
23,2018-04-09,2722,0
23,2018-04-16,2582,0
23,2018-04-23,2455,0
23,2018-04-30,2393,0
23,2018-05-07,2473,0
23,2018-05-14,2518,0
23,2018-05-21,2519,0
23,2018-05-28,2445,0
23,2018-06-04,2430,0
23,2018-06-11,2380,0
23,2018-06-18,2349,0
24,2017-01-02,629,0
24,2017-01-09,734,0
24,2017-01-16,720,0
24,2017-01-23,697,0
24,2017-01-30,767,0
24,2017-02-06,771,0
24,2017-02-13,815,0
24,2017-02-20,773,0
24,2017-02-27,884,0
24,2017-03-06,729,0
24,2017-03-13,749,0
24,2017-03-20,816,0
24,2017-03-27,668,0
24,2017-04-03,712,0
24,2017-04-10,758,0
24,2017-04-17,941,0
24,2017-04-24,813,0
24,2017-05-01,745,0
24,2017-05-08,802,0
24,2017-05-15,759,0
24,2017-05-22,742,0
24,2017-05-29,649,0
24,2017-06-05,900,0
24,2017-06-12,820,0
24,2017-06-19,727,0
24,2017-06-26,853,0
24,2017-07-03,803,0
24,2017-07-10,1088,0
24,2017-07-17,934,0
24,2017-07-24,1003,0
24,2017-07-31,925,0
24,2017-08-07,964,0
24,2017-08-14,946,0
24,2017-08-21,1054,0
24,2017-08-28,964,0
24,2017-09-04,966,0
24,2017-09-11,870,0
24,2017-09-18,922,0
24,2017-09-25,898,0
24,2017-10-02,1173,0
24,2017-10-09,1429,0
24,2017-10-16,1285,0
24,2017-10-23,1491,0
24,2017-10-30,1505,0
24,2017-11-06,1364,0
24,2017-11-13,1459,0
24,2017-11-20,1629,0
24,2017-11-27,1664,0
24,2017-12-04,1530,0
24,2017-12-11,1365,0
24,2017-12-18,1237,0
24,2017-12-25,1217,0
24,2018-01-01,1423,0
24,2018-01-08,1507,0
24,2018-01-15,1447,0
24,2018-01-22,1640,0
24,2018-01-29,1626,0
24,2018-02-05,1718,0
24,2018-02-12,1687,0
24,2018-02-19,1690,0
24,2018-02-26,1637,0
24,2018-03-05,1742,0
24,2018-03-12,1775,0
24,2018-03-19,1615,0
24,2018-03-26,1506,0
24,2018-04-02,1409,0
24,2018-04-09,1389,0
24,2018-04-16,1333,0
24,2018-04-23,1372,0
24,2018-04-30,1438,0
24,2018-05-07,1355,0
24,2018-05-14,1559,0
24,2018-05-21,1317,0
24,2018-05-28,1226,0
24,2018-06-04,1406,0
24,2018-06-11,1463,0
24,2018-06-18,1442,0
25,2017-01-02,1118,0
25,2017-01-09,857,0
25,2017-01-16,858,0
25,2017-01-23,855,0
25,2017-01-30,1019,0
25,2017-02-06,1018,0
25,2017-02-13,988,0
25,2017-02-20,1067,0
25,2017-02-27,978,0
25,2017-03-06,1144,0
25,2017-03-13,802,0
25,2017-03-20,982,0
25,2017-03-27,1042,0
25,2017-04-03,994,0
25,2017-04-10,832,0
25,2017-04-17,1086,0
25,2017-04-24,946,0
25,2017-05-01,881,0
25,2017-05-08,870,0
25,2017-05-15,867,0
25,2017-05-22,941,0
25,2017-05-29,1012,0
25,2017-06-05,1012,0
25,2017-06-12,1019,0
25,2017-06-19,825,0
25,2017-06-26,975,0
25,2017-07-03,998,0
25,2017-07-10,952,0
25,2017-07-17,930,0
25,2017-07-24,945,0
25,2017-07-31,975,0
25,2017-08-07,937,0
25,2017-08-14,1055,0
25,2017-08-21,964,0
25,2017-08-28,1023,0
25,2017-09-04,1124,0
25,2017-09-11,1397,0
25,2017-09-18,1070,0
25,2017-09-25,1001,0
25,2017-10-02,957,0
25,2017-10-09,1060,0
25,2017-10-16,1034,0
25,2017-10-23,937,0
25,2017-10-30,1072,0
25,2017-11-06,961,0
25,2017-11-13,1065,0
25,2017-11-20,1015,0
25,2017-11-27,989,0
25,2017-12-04,1133,0
25,2017-12-11,1141,0
25,2017-12-18,1358,0
25,2017-12-25,1000,0
25,2018-01-01,1123,0
25,2018-01-08,1059,0
25,2018-01-15,1228,0
25,2018-01-22,1084,0
25,2018-01-29,1113,0
25,2018-02-05,1086,0
25,2018-02-12,1252,0
25,2018-02-19,1159,0
25,2018-02-26,1016,0
25,2018-03-05,1160,0
25,2018-03-12,1157,0
25,2018-03-19,1172,0
25,2018-03-26,1297,0
25,2018-04-02,1157,0
25,2018-04-09,1270,0
25,2018-04-16,1255,0
25,2018-04-23,1510,0
25,2018-04-30,1221,0
25,2018-05-07,1096,0
25,2018-05-14,1274,0
25,2018-05-21,1156,0
25,2018-05-28,1416,0
25,2018-06-04,1349,0
25,2018-06-11,1279,0
25,2018-06-18,1260,0
26,2017-01-02,921,0
26,2017-01-09,937,0
26,2017-01-16,1060,0
26,2017-01-23,1056,0
26,2017-01-30,987,0
26,2017-02-06,897,0
26,2017-02-13,917,0
26,2017-02-20,837,0
26,2017-02-27,812,0
26,2017-03-06,744,0
26,2017-03-13,784,0
26,2017-03-20,861,0
26,2017-03-27,738,0
26,2017-04-03,716,0
26,2017-04-10,827,0
26,2017-04-17,845,0
26,2017-04-24,841,0
26,2017-05-01,842,0
26,2017-05-08,808,0
26,2017-05-15,707,0
26,2017-05-22,586,0
26,2017-05-29,608,0
26,2017-06-05,685,0
26,2017-06-12,679,0
26,2017-06-19,706,0
26,2017-06-26,792,0
26,2017-07-03,685,0
26,2017-07-10,846,0
26,2017-07-17,842,0
26,2017-07-24,906,0
26,2017-07-31,806,0
26,2017-08-07,833,0
26,2017-08-14,769,0
26,2017-08-21,802,0
26,2017-08-28,736,0
26,2017-09-04,850,0
26,2017-09-11,878,0
26,2017-09-18,826,0
26,2017-09-25,919,0
26,2017-10-02,962,0
26,2017-10-09,1042,0
26,2017-10-16,1011,0
26,2017-10-23,1094,0
26,2017-10-30,1174,0
26,2017-11-06,1129,0
26,2017-11-13,1198,0
26,2017-11-20,1242,0
26,2017-11-27,1170,0
26,2017-12-04,1159,0
26,2017-12-11,1129,0
26,2017-12-18,1323,0
26,2017-12-25,1262,0
26,2018-01-01,1356,0
26,2018-01-08,1419,0
26,2018-01-15,1628,0
26,2018-01-22,1644,0
26,2018-01-29,1552,0
26,2018-02-05,1316,0
26,2018-02-12,1254,0
26,2018-02-19,1362,0
26,2018-02-26,1452,0
26,2018-03-05,1459,0
26,2018-03-12,1399,0
26,2018-03-19,1560,0
26,2018-03-26,1592,0
26,2018-04-02,1137,0
26,2018-04-09,1289,0
26,2018-04-16,1020,0
26,2018-04-23,1016,0
26,2018-04-30,957,0
26,2018-05-07,803,0
26,2018-05-14,928,0
26,2018-05-21,1030,0
26,2018-05-28,898,0
26,2018-06-04,989,0
26,2018-06-11,991,0
26,2018-06-18,860,0
27,2017-01-02,1141,0
27,2017-01-09,1230,0
27,2017-01-16,1229,0
27,2017-01-23,1408,0
27,2017-01-30,1313,0
27,2017-02-06,1359,0
27,2017-02-13,1252,0
27,2017-02-20,1529,0
27,2017-02-27,1415,0
27,2017-03-06,1371,0
27,2017-03-13,1379,0
27,2017-03-20,1391,0
27,2017-03-27,1414,0
27,2017-04-03,1449,0
27,2017-04-10,1353,0
27,2017-04-17,1259,0
27,2017-04-24,1501,0
27,2017-05-01,1866,0
27,2017-05-08,1721,0
27,2017-05-15,2025,0
27,2017-05-22,2133,0
27,2017-05-29,1804,0
27,2017-06-05,2144,0
27,2017-06-12,1935,0
27,2017-06-19,2095,0
27,2017-06-26,1717,0
27,2017-07-03,1792,0
27,2017-07-10,1813,0
27,2017-07-17,1796,0
27,2017-07-24,2114,0
27,2017-07-31,2037,0
27,2017-08-07,1887,0
27,2017-08-14,2135,0
27,2017-08-21,2046,0
27,2017-08-28,1903,0
27,2017-09-04,1684,0
27,2017-09-11,1819,0
27,2017-09-18,1537,0
27,2017-09-25,1554,0
27,2017-10-02,1601,0
27,2017-10-09,1871,0
27,2017-10-16,1894,0
27,2017-10-23,1657,0
27,2017-10-30,1689,0
27,2017-11-06,1988,0
27,2017-11-13,1899,0
27,2017-11-20,1900,0
27,2017-11-27,1728,0
27,2017-12-04,1771,0
27,2017-12-11,1827,0
27,2017-12-18,1843,0
27,2017-12-25,2775,0
27,2018-01-01,2432,0
27,2018-01-08,1983,0
27,2018-01-15,2004,0
27,2018-01-22,2048,0
27,2018-01-29,1991,0
27,2018-02-05,2006,0
27,2018-02-12,2014,0
27,2018-02-19,2037,0
27,2018-02-26,1984,0
27,2018-03-05,2060,0
27,2018-03-12,1948,0
27,2018-03-19,2046,0
27,2018-03-26,1970,0
27,2018-04-02,2116,0
27,2018-04-09,1906,0
27,2018-04-16,2100,0
27,2018-04-23,2249,0
27,2018-04-30,2423,0
27,2018-05-07,2481,0
27,2018-05-14,2083,0
27,2018-05-21,2339,0
27,2018-05-28,2269,0
27,2018-06-04,2311,0
27,2018-06-11,2114,0
27,2018-06-18,2251,0
28,2017-01-02,804,0
28,2017-01-09,721,0
28,2017-01-16,737,0
28,2017-01-23,724,0
28,2017-01-30,692,0
28,2017-02-06,704,0
28,2017-02-13,703,0
28,2017-02-20,734,0
28,2017-02-27,669,0
28,2017-03-06,686,0
28,2017-03-13,556,0
28,2017-03-20,647,0
28,2017-03-27,605,0
28,2017-04-03,644,0
28,2017-04-10,628,0
28,2017-04-17,758,0
28,2017-04-24,570,0
28,2017-05-01,945,0
28,2017-05-08,702,0
28,2017-05-15,621,0
28,2017-05-22,609,0
28,2017-05-29,643,0
28,2017-06-05,690,0
28,2017-06-12,559,0
28,2017-06-19,569,0
28,2017-06-26,658,0
28,2017-07-03,638,0
28,2017-07-10,598,0
28,2017-07-17,658,0
28,2017-07-24,684,0
28,2017-07-31,643,0
28,2017-08-07,681,0
28,2017-08-14,575,0
28,2017-08-21,798,0
28,2017-08-28,830,0
28,2017-09-04,678,0
28,2017-09-11,785,0
28,2017-09-18,878,0
28,2017-09-25,728,0
28,2017-10-02,860,0
28,2017-10-09,724,0
28,2017-10-16,746,0
28,2017-10-23,758,0
28,2017-10-30,719,0
28,2017-11-06,805,0
28,2017-11-13,806,0
28,2017-11-20,892,0
28,2017-11-27,832,0
28,2017-12-04,774,0
28,2017-12-11,1351,0
28,2017-12-18,1028,0
28,2017-12-25,780,0
28,2018-01-01,1012,0
28,2018-01-08,987,0
28,2018-01-15,991,0
28,2018-01-22,894,0
28,2018-01-29,989,0
28,2018-02-05,853,0
28,2018-02-12,894,0
28,2018-02-19,910,0
28,2018-02-26,1147,0
28,2018-03-05,1062,0
28,2018-03-12,794,0
28,2018-03-19,836,0
28,2018-03-26,906,0
28,2018-04-02,740,0
28,2018-04-09,807,0
28,2018-04-16,738,0
28,2018-04-23,751,0
28,2018-04-30,759,0
28,2018-05-07,794,0
28,2018-05-14,741,0
28,2018-05-21,816,0
28,2018-05-28,711,0
28,2018-06-04,847,0
28,2018-06-11,851,0
28,2018-06-18,854,0
29,2017-01-02,1138,0
29,2017-01-09,1223,0
29,2017-01-16,1230,0
29,2017-01-23,1175,0
29,2017-01-30,1243,0
29,2017-02-06,1325,0
29,2017-02-13,1264,0
29,2017-02-20,1267,0
29,2017-02-27,1248,0
29,2017-03-06,1367,0
29,2017-03-13,1425,0
29,2017-03-20,1406,0
29,2017-03-27,1377,0
29,2017-04-03,1352,0
29,2017-04-10,1343,0
29,2017-04-17,1466,0
29,2017-04-24,2069,0
29,2017-05-01,1727,0
29,2017-05-08,1457,0
29,2017-05-15,1528,0
29,2017-05-22,1414,0
29,2017-05-29,1346,0
29,2017-06-05,1285,0
29,2017-06-12,1358,0
29,2017-06-19,1420,0
29,2017-06-26,1362,0
29,2017-07-03,1495,0
29,2017-07-10,1520,0
29,2017-07-17,1477,0
29,2017-07-24,1371,0
29,2017-07-31,1461,0
29,2017-08-07,1482,0
29,2017-08-14,1382,0
29,2017-08-21,1379,0
29,2017-08-28,1318,0
29,2017-09-04,1489,0
29,2017-09-11,1375,0
29,2017-09-18,1433,0
29,2017-09-25,1461,0
29,2017-10-02,1324,0
29,2017-10-09,1356,0
29,2017-10-16,1501,0
29,2017-10-23,1443,0
29,2017-10-30,1418,0
29,2017-11-06,1423,0
29,2017-11-13,1798,0
29,2017-11-20,1618,0
29,2017-11-27,1603,0
29,2017-12-04,1456,0
29,2017-12-11,1462,0
29,2017-12-18,1537,0
29,2017-12-25,1472,0
29,2018-01-01,1422,0
29,2018-01-08,1683,0
29,2018-01-15,1747,0
29,2018-01-22,1810,0
29,2018-01-29,2049,0
29,2018-02-05,1724,0
29,2018-02-12,1700,0
29,2018-02-19,1795,0
29,2018-02-26,1676,0
29,2018-03-05,1599,0
29,2018-03-12,1730,0
29,2018-03-19,1792,0
29,2018-03-26,1709,0
29,2018-04-02,1630,0
29,2018-04-09,2054,0
29,2018-04-16,1857,0
29,2018-04-23,1838,0
29,2018-04-30,1751,0
29,2018-05-07,1704,0
29,2018-05-14,1893,0
29,2018-05-21,1744,0
29,2018-05-28,2042,0
29,2018-06-04,2650,0
29,2018-06-11,2902,0
29,2018-06-18,2288,0
30,2017-01-02,823,0
30,2017-01-09,756,0
30,2017-01-16,711,0
30,2017-01-23,764,0
30,2017-01-30,853,0
30,2017-02-06,825,0
30,2017-02-13,929,0
30,2017-02-20,820,0
30,2017-02-27,847,0
30,2017-03-06,903,0
30,2017-03-13,850,0
30,2017-03-20,782,0
30,2017-03-27,819,0
30,2017-04-03,840,0
30,2017-04-10,999,0
30,2017-04-17,1473,0
30,2017-04-24,1375,0
30,2017-05-01,1147,0
30,2017-05-08,972,0
30,2017-05-15,953,0
30,2017-05-22,884,0
30,2017-05-29,893,0
30,2017-06-05,885,0
30,2017-06-12,832,0
30,2017-06-19,756,0
30,2017-06-26,922,0
30,2017-07-03,969,0
30,2017-07-10,1017,0
30,2017-07-17,1018,0
30,2017-07-24,894,0
30,2017-07-31,911,0
30,2017-08-07,976,0
30,2017-08-14,921,0
30,2017-08-21,910,0
30,2017-08-28,943,0
30,2017-09-04,1085,0
30,2017-09-11,1250,0
30,2017-09-18,1184,0
30,2017-09-25,1100,0
30,2017-10-02,1146,0
30,2017-10-09,1104,0
30,2017-10-16,1304,0
30,2017-10-23,1350,0
30,2017-10-30,1515,0
30,2017-11-06,1644,0
30,2017-11-13,1912,0
30,2017-11-20,2030,0
30,2017-11-27,2381,0
30,2017-12-04,2584,0
30,2017-12-11,2444,0
30,2017-12-18,3525,0
30,2017-12-25,2767,0
30,2018-01-01,1840,0
30,2018-01-08,1634,0
30,2018-01-15,1577,0
30,2018-01-22,1546,0
30,2018-01-29,1507,0
30,2018-02-05,1467,0
30,2018-02-12,1476,0
30,2018-02-19,1415,0
30,2018-02-26,1315,0
30,2018-03-05,1225,0
30,2018-03-12,1265,0
30,2018-03-19,1253,0
30,2018-03-26,1391,0
30,2018-04-02,1212,0
30,2018-04-09,1184,0
30,2018-04-16,1047,0
30,2018-04-23,1158,0
30,2018-04-30,1047,0
30,2018-05-07,1018,0
30,2018-05-14,1000,0
30,2018-05-21,1077,0
30,2018-05-28,931,0
30,2018-06-04,907,0
30,2018-06-11,868,0
30,2018-06-18,851,0
31,2017-01-02,917,0
31,2017-01-09,883,0
31,2017-01-16,831,0
31,2017-01-23,1186,0
31,2017-01-30,1039,0
31,2017-02-06,1286,0
31,2017-02-13,1064,0
31,2017-02-20,1264,0
31,2017-02-27,1074,0
31,2017-03-06,1028,0
31,2017-03-13,936,0
31,2017-03-20,903,0
31,2017-03-27,987,0
31,2017-04-03,1232,0
31,2017-04-10,1687,0
31,2017-04-17,908,0
31,2017-04-24,994,0
31,2017-05-01,886,0
31,2017-05-08,1148,0
31,2017-05-15,995,0
31,2017-05-22,1209,0
31,2017-05-29,1383,0
31,2017-06-05,1081,0
31,2017-06-12,1522,0
31,2017-06-19,1234,0
31,2017-06-26,1223,0
31,2017-07-03,1272,0
31,2017-07-10,1150,0
31,2017-07-17,1070,0
31,2017-07-24,1796,0
31,2017-07-31,1879,0
31,2017-08-07,1540,0
31,2017-08-14,1039,0
31,2017-08-21,1108,0
31,2017-08-28,1220,0
31,2017-09-04,1655,0
31,2017-09-11,1207,0
31,2017-09-18,1002,0
31,2017-09-25,2657,0
31,2017-10-02,1710,0
31,2017-10-09,1323,0
31,2017-10-16,1223,0
31,2017-10-23,1065,0
31,2017-10-30,1066,0
31,2017-11-06,982,0
31,2017-11-13,1092,0
31,2017-11-20,1008,0
31,2017-11-27,1286,0
31,2017-12-04,1145,0
31,2017-12-11,1071,0
31,2017-12-18,1087,0
31,2017-12-25,2796,0
31,2018-01-01,1706,0
31,2018-01-08,1217,0
31,2018-01-15,1083,0
31,2018-01-22,1501,0
31,2018-01-29,1373,0
31,2018-02-05,1306,0
31,2018-02-12,1130,0
31,2018-02-19,1127,0
31,2018-02-26,1026,0
31,2018-03-05,1081,0
31,2018-03-12,1285,0
31,2018-03-19,1549,0
31,2018-03-26,1509,0
31,2018-04-02,1426,0
31,2018-04-09,1364,0
31,2018-04-16,1479,0
31,2018-04-23,1306,0
31,2018-04-30,1486,0
31,2018-05-07,1491,0
31,2018-05-14,1536,0
31,2018-05-21,1873,0
31,2018-05-28,1853,0
31,2018-06-04,2109,0
31,2018-06-11,1639,0
31,2018-06-18,1387,0
32,2017-01-02,673,0
32,2017-01-09,695,0
32,2017-01-16,756,0
32,2017-01-23,745,0
32,2017-01-30,812,0
32,2017-02-06,731,0
32,2017-02-13,804,0
32,2017-02-20,817,0
32,2017-02-27,727,0
32,2017-03-06,744,0
32,2017-03-13,817,0
32,2017-03-20,834,0
32,2017-03-27,739,0
32,2017-04-03,738,0
32,2017-04-10,735,0
32,2017-04-17,796,0
32,2017-04-24,877,0
32,2017-05-01,832,0
32,2017-05-08,801,0
32,2017-05-15,774,0
32,2017-05-22,862,0
32,2017-05-29,905,0
32,2017-06-05,1031,0
32,2017-06-12,1125,0
32,2017-06-19,1062,0
32,2017-06-26,1121,0
32,2017-07-03,1148,0
32,2017-07-10,1158,0
32,2017-07-17,1035,0
32,2017-07-24,1000,0
32,2017-07-31,1109,0
32,2017-08-07,1085,0
32,2017-08-14,1018,0
32,2017-08-21,1208,0
32,2017-08-28,1229,0
32,2017-09-04,1148,0
32,2017-09-11,1376,0
32,2017-09-18,1156,0
32,2017-09-25,1114,0
32,2017-10-02,1221,0
32,2017-10-09,1173,0
32,2017-10-16,1343,0
32,2017-10-23,1368,0
32,2017-10-30,1339,0
32,2017-11-06,1383,0
32,2017-11-13,1300,0
32,2017-11-20,1367,0
32,2017-11-27,1267,0
32,2017-12-04,1201,0
32,2017-12-11,1271,0
32,2017-12-18,1365,0
32,2017-12-25,1601,0
32,2018-01-01,1517,0
32,2018-01-08,1653,0
32,2018-01-15,1528,0
32,2018-01-22,1532,0
32,2018-01-29,1604,0
32,2018-02-05,1481,0
32,2018-02-12,1557,0
32,2018-02-19,1687,0
32,2018-02-26,1680,0
32,2018-03-05,1501,0
32,2018-03-12,1664,0
32,2018-03-19,1585,0
32,2018-03-26,1617,0
32,2018-04-02,1406,0
32,2018-04-09,1552,0
32,2018-04-16,1468,0
32,2018-04-23,1327,0
32,2018-04-30,1472,0
32,2018-05-07,1543,0
32,2018-05-14,1452,0
32,2018-05-21,1291,0
32,2018-05-28,1441,0
32,2018-06-04,1305,0
32,2018-06-11,1278,0
32,2018-06-18,1377,0
33,2017-01-02,2888,0
33,2017-01-09,3014,0
33,2017-01-16,3058,0
33,2017-01-23,2884,0
33,2017-01-30,3007,0
33,2017-02-06,2878,0
33,2017-02-13,2606,0
33,2017-02-20,2461,0
33,2017-02-27,2499,0
33,2017-03-06,2427,0
33,2017-03-13,2396,0
33,2017-03-20,2528,0
33,2017-03-27,2278,0
33,2017-04-03,2258,0
33,2017-04-10,2456,0
33,2017-04-17,2412,0
33,2017-04-24,2601,0
33,2017-05-01,2519,0
33,2017-05-08,2723,0
33,2017-05-15,2268,0
33,2017-05-22,2276,0
33,2017-05-29,2362,0
33,2017-06-05,2134,0
33,2017-06-12,2121,0
33,2017-06-19,1997,0
33,2017-06-26,2095,0
33,2017-07-03,2027,0
33,2017-07-10,2514,0
33,2017-07-17,2288,0
33,2017-07-24,2204,0
33,2017-07-31,2140,0
33,2017-08-07,2315,0
33,2017-08-14,2277,0
33,2017-08-21,2210,0
33,2017-08-28,2343,0
33,2017-09-04,2326,0
33,2017-09-11,2390,0
33,2017-09-18,2245,0
33,2017-09-25,2182,0
33,2017-10-02,2213,0
33,2017-10-09,2232,0
33,2017-10-16,2267,0
33,2017-10-23,2372,0
33,2017-10-30,2459,0
33,2017-11-06,2418,0
33,2017-11-13,2448,0
33,2017-11-20,2434,0
33,2017-11-27,2496,0
33,2017-12-04,2785,0
33,2017-12-11,2725,0
33,2017-12-18,2860,0
33,2017-12-25,2916,0
33,2018-01-01,2530,0
33,2018-01-08,2531,0
33,2018-01-15,2699,0
33,2018-01-22,2687,0
33,2018-01-29,2916,0
33,2018-02-05,3704,0
33,2018-02-12,3157,0
33,2018-02-19,2799,0
33,2018-02-26,2625,0
33,2018-03-05,2687,0
33,2018-03-12,2668,0
33,2018-03-19,2621,0
33,2018-03-26,2547,0
33,2018-04-02,2554,0
33,2018-04-09,2524,0
33,2018-04-16,2604,0
33,2018-04-23,2436,0
33,2018-04-30,2487,0
33,2018-05-07,2283,0
33,2018-05-14,2398,0
33,2018-05-21,2390,0
33,2018-05-28,2293,0
33,2018-06-04,2365,0
33,2018-06-11,2214,0
33,2018-06-18,2261,0
34,2017-01-02,1462,0
34,2017-01-09,1532,0
34,2017-01-16,1625,0
34,2017-01-23,1695,0
34,2017-01-30,2017,0
34,2017-02-06,2009,0
34,2017-02-13,2220,0
34,2017-02-20,4525,0
34,2017-02-27,2475,0
34,2017-03-06,1625,0
34,2017-03-13,1817,0
34,2017-03-20,1759,0
34,2017-03-27,1435,0
34,2017-04-03,1823,0
34,2017-04-10,2050,0
34,2017-04-17,1854,0
34,2017-04-24,1928,0
34,2017-05-01,1978,0
34,2017-05-08,1829,0
34,2017-05-15,1954,0
34,2017-05-22,2840,0
34,2017-05-29,2624,0
34,2017-06-05,2423,0
34,2017-06-12,2552,0
34,2017-06-19,2532,0
34,2017-06-26,2360,0
34,2017-07-03,2497,0
34,2017-07-10,2328,0
34,2017-07-17,2315,0
34,2017-07-24,2801,0
34,2017-07-31,2561,0
34,2017-08-07,2520,0
34,2017-08-14,2230,0
34,2017-08-21,2339,0
34,2017-08-28,2031,0
34,2017-09-04,2164,0
34,2017-09-11,2123,0
34,2017-09-18,2144,0
34,2017-09-25,1999,0
34,2017-10-02,1958,0
34,2017-10-09,2005,0
34,2017-10-16,2064,0
34,2017-10-23,2056,0
34,2017-10-30,2218,0
34,2017-11-06,1780,0
34,2017-11-13,1604,0
34,2017-11-20,1812,0
34,2017-11-27,1701,0
34,2017-12-04,1789,0
34,2017-12-11,1704,0
34,2017-12-18,2360,0
34,2017-12-25,2723,0
34,2018-01-01,2267,0
34,2018-01-08,2115,0
34,2018-01-15,2220,0
34,2018-01-22,2497,0
34,2018-01-29,2753,0
34,2018-02-05,4566,0
34,2018-02-12,2866,0
34,2018-02-19,2056,0
34,2018-02-26,2104,0
34,2018-03-05,2059,0
34,2018-03-12,2041,0
34,2018-03-19,2330,0
34,2018-03-26,2329,0
34,2018-04-02,2214,0
34,2018-04-09,1875,0
34,2018-04-16,1988,0
34,2018-04-23,2272,0
34,2018-04-30,2795,0
34,2018-05-07,3053,0
34,2018-05-14,2661,0
34,2018-05-21,2628,0
34,2018-05-28,2739,0
34,2018-06-04,2470,0
34,2018-06-11,2578,0
34,2018-06-18,2463,0
35,2017-01-02,1613,0
35,2017-01-09,1761,0
35,2017-01-16,1878,0
35,2017-01-23,1707,0
35,2017-01-30,1580,0
35,2017-02-06,1607,0
35,2017-02-13,1797,0
35,2017-02-20,2122,0
35,2017-02-27,1845,0
35,2017-03-06,2073,0
35,2017-03-13,1959,0
35,2017-03-20,1947,0
35,2017-03-27,2164,0
35,2017-04-03,2165,0
35,2017-04-10,1942,0
35,2017-04-17,2000,0
35,2017-04-24,1951,0
35,2017-05-01,1842,0
35,2017-05-08,2077,0
35,2017-05-15,2608,0
35,2017-05-22,2305,0
35,2017-05-29,2007,0
35,2017-06-05,1981,0
35,2017-06-12,3194,0
35,2017-06-19,4995,0
35,2017-06-26,3113,0
35,2017-07-03,2883,0
35,2017-07-10,2899,0
35,2017-07-17,2435,0
35,2017-07-24,2153,0
35,2017-07-31,2160,0
35,2017-08-07,2222,0
35,2017-08-14,1983,0
35,2017-08-21,2155,0
35,2017-08-28,2145,0
35,2017-09-04,1947,0
35,2017-09-11,2117,0
35,2017-09-18,2430,0
35,2017-09-25,2951,0
35,2017-10-02,2855,0
35,2017-10-09,2493,0
35,2017-10-16,2427,0
35,2017-10-23,2356,0
35,2017-10-30,2176,0
35,2017-11-06,2160,0
35,2017-11-13,2217,0
35,2017-11-20,2423,0
35,2017-11-27,2395,0
35,2017-12-04,2774,0
35,2017-12-11,2456,0
35,2017-12-18,2217,0
35,2017-12-25,2088,0
35,2018-01-01,2094,0
35,2018-01-08,2126,0
35,2018-01-15,2189,0
35,2018-01-22,2314,0
35,2018-01-29,2082,0
35,2018-02-05,2027,0
35,2018-02-12,2191,0
35,2018-02-19,2591,0
35,2018-02-26,2344,0
35,2018-03-05,2279,0
35,2018-03-12,2184,0
35,2018-03-19,2212,0
35,2018-03-26,2069,0
35,2018-04-02,2169,0
35,2018-04-09,2055,0
35,2018-04-16,2132,0
35,2018-04-23,2098,0
35,2018-04-30,2088,0
35,2018-05-07,2152,0
35,2018-05-14,2051,0
35,2018-05-21,2112,0
35,2018-05-28,2319,0
35,2018-06-04,2146,0
35,2018-06-11,2009,0
35,2018-06-18,2362,0
37,2017-01-02,1124,0
37,2017-01-09,1290,0
37,2017-01-16,1284,0
37,2017-01-23,1211,0
37,2017-01-30,1127,0
37,2017-02-06,1230,0
37,2017-02-13,1447,0
37,2017-02-20,1227,0
37,2017-02-27,1161,0
37,2017-03-06,1170,0
37,2017-03-13,1117,0
37,2017-03-20,1162,0
37,2017-03-27,1308,0
37,2017-04-03,1362,0
37,2017-04-10,1152,0
37,2017-04-17,1174,0
37,2017-04-24,1174,0
37,2017-05-01,1103,0
37,2017-05-08,1152,0
37,2017-05-15,1203,0
37,2017-05-22,1286,0
37,2017-05-29,1197,0
37,2017-06-05,1140,0
37,2017-06-12,1222,0
37,2017-06-19,1169,0
37,2017-06-26,1442,0
37,2017-07-03,1300,0
37,2017-07-10,1219,0
37,2017-07-17,1193,0
37,2017-07-24,1270,0
37,2017-07-31,1187,0
37,2017-08-07,1305,0
37,2017-08-14,1197,0
37,2017-08-21,1213,0
37,2017-08-28,1223,0
37,2017-09-04,1217,0
37,2017-09-11,1204,0
37,2017-09-18,1287,0
37,2017-09-25,1281,0
37,2017-10-02,1682,0
37,2017-10-09,1396,0
37,2017-10-16,1384,0
37,2017-10-23,1282,0
37,2017-10-30,1416,0
37,2017-11-06,1625,0
37,2017-11-13,1627,0
37,2017-11-20,1643,0
37,2017-11-27,1573,0
37,2017-12-04,1578,0
37,2017-12-11,1559,0
37,2017-12-18,1672,0
37,2017-12-25,1345,0
37,2018-01-01,1431,0
37,2018-01-08,1622,0
37,2018-01-15,1658,0
37,2018-01-22,1645,0
37,2018-01-29,1781,0
37,2018-02-05,1677,0
37,2018-02-12,1619,0
37,2018-02-19,1524,0
37,2018-02-26,1658,0
37,2018-03-05,1707,0
37,2018-03-12,1681,0
37,2018-03-19,1747,0
37,2018-03-26,2054,0
37,2018-04-02,1633,0
37,2018-04-09,1675,0
37,2018-04-16,1449,0
37,2018-04-23,1405,0
37,2018-04-30,1374,0
37,2018-05-07,1523,0
37,2018-05-14,1672,0
37,2018-05-21,1509,0
37,2018-05-28,1562,0
37,2018-06-04,1600,0
37,2018-06-11,1749,0
37,2018-06-18,1549,0
38,2017-01-02,1260,0
38,2017-01-09,1548,0
38,2017-01-16,1620,0
38,2017-01-23,1597,0
38,2017-01-30,1628,0
38,2017-02-06,1517,0
38,2017-02-13,1360,0
38,2017-02-20,1407,0
38,2017-02-27,1208,0
38,2017-03-06,1261,0
38,2017-03-13,1165,0
38,2017-03-20,1281,0
38,2017-03-27,1142,0
38,2017-04-03,1145,0
38,2017-04-10,1144,0
38,2017-04-17,1159,0
38,2017-04-24,1330,0
38,2017-05-01,1242,0
38,2017-05-08,1230,0
38,2017-05-15,1145,0
38,2017-05-22,1072,0
38,2017-05-29,1022,0
38,2017-06-05,978,0
38,2017-06-12,959,0
38,2017-06-19,904,0
38,2017-06-26,1107,0
38,2017-07-03,1055,0
38,2017-07-10,1134,0
38,2017-07-17,1103,0
38,2017-07-24,1076,0
38,2017-07-31,973,0
38,2017-08-07,1089,0
38,2017-08-14,1009,0
38,2017-08-21,1065,0
38,2017-08-28,1081,0
38,2017-09-04,1073,0
38,2017-09-11,1101,0
38,2017-09-18,1170,0
38,2017-09-25,1250,0
38,2017-10-02,1373,0
38,2017-10-09,1288,0
38,2017-10-16,1308,0
38,2017-10-23,1426,0
38,2017-10-30,1492,0
38,2017-11-06,1591,0
38,2017-11-13,1443,0
38,2017-11-20,1546,0
38,2017-11-27,1548,0
38,2017-12-04,1503,0
38,2017-12-11,1503,0
38,2017-12-18,1592,0
38,2017-12-25,1358,0
38,2018-01-01,1385,0
38,2018-01-08,1487,0
38,2018-01-15,1453,0
38,2018-01-22,1581,0
38,2018-01-29,1584,0
38,2018-02-05,1428,0
38,2018-02-12,1375,0
38,2018-02-19,1351,0
38,2018-02-26,1417,0
38,2018-03-05,1395,0
38,2018-03-12,1464,0
38,2018-03-19,1414,0
38,2018-03-26,1400,0
38,2018-04-02,1308,0
38,2018-04-09,1223,0
38,2018-04-16,1177,0
38,2018-04-23,1340,0
38,2018-04-30,1245,0
38,2018-05-07,1164,0
38,2018-05-14,1145,0
38,2018-05-21,1062,0
38,2018-05-28,1123,0
38,2018-06-04,1073,0
38,2018-06-11,1123,0
38,2018-06-18,1199,0
39,2017-01-02,4972,0
39,2017-01-09,3389,0
39,2017-01-16,2365,0
39,2017-01-23,2141,0
39,2017-01-30,1785,0
39,2017-02-06,1706,0
39,2017-02-13,1618,0
39,2017-02-20,1581,0
39,2017-02-27,1396,0
39,2017-03-06,1444,0
39,2017-03-13,1313,0
39,2017-03-20,1221,0
39,2017-03-27,1169,0
39,2017-04-03,1233,0
39,2017-04-10,1190,0
39,2017-04-17,1079,0
39,2017-04-24,1074,0
39,2017-05-01,1047,0
39,2017-05-08,1027,0
39,2017-05-15,969,0
39,2017-05-22,982,0
39,2017-05-29,1045,0
39,2017-06-05,1004,0
39,2017-06-12,785,0
39,2017-06-19,872,0
39,2017-06-26,1009,0
39,2017-07-03,827,0
39,2017-07-10,900,0
39,2017-07-17,994,0
39,2017-07-24,962,0
39,2017-07-31,872,0
39,2017-08-07,960,0
39,2017-08-14,937,0
39,2017-08-21,932,0
39,2017-08-28,903,0
39,2017-09-04,1067,0
39,2017-09-11,1037,0
39,2017-09-18,1160,0
39,2017-09-25,1099,0
39,2017-10-02,1067,0
39,2017-10-09,1043,0
39,2017-10-16,1142,0
39,2017-10-23,1248,0
39,2017-10-30,1114,0
39,2017-11-06,970,0
39,2017-11-13,1026,0
39,2017-11-20,1014,0
39,2017-11-27,1223,0
39,2017-12-04,1285,0
39,2017-12-11,1409,0
39,2017-12-18,3130,0
39,2017-12-25,3047,0
39,2018-01-01,2107,0
39,2018-01-08,1706,0
39,2018-01-15,1566,0
39,2018-01-22,1517,0
39,2018-01-29,1562,0
39,2018-02-05,1216,0
39,2018-02-12,1155,0
39,2018-02-19,1163,0
39,2018-02-26,1143,0
39,2018-03-05,1068,0
39,2018-03-12,1129,0
39,2018-03-19,1038,0
39,2018-03-26,1052,0
39,2018-04-02,947,0
39,2018-04-09,910,0
39,2018-04-16,1002,0
39,2018-04-23,1000,0
39,2018-04-30,923,0
39,2018-05-07,915,0
39,2018-05-14,905,0
39,2018-05-21,993,0
39,2018-05-28,925,0
39,2018-06-04,963,0
39,2018-06-11,934,0
39,2018-06-18,887,0
40,2017-01-02,1590,0
40,2017-01-09,1726,0
40,2017-01-16,1349,0
40,2017-01-23,1475,0
40,2017-01-30,1456,0
40,2017-02-06,1427,0
40,2017-02-13,1405,0
40,2017-02-20,1886,0
40,2017-02-27,1835,0
40,2017-03-06,1518,0
40,2017-03-13,1644,0
40,2017-03-20,1428,0
40,2017-03-27,1510,0
40,2017-04-03,1437,0
40,2017-04-10,1929,0
40,2017-04-17,1484,0
40,2017-04-24,1769,0
40,2017-05-01,1561,0
40,2017-05-08,1590,0
40,2017-05-15,1666,0
40,2017-05-22,1745,0
40,2017-05-29,1844,0
40,2017-06-05,1735,0
40,2017-06-12,1445,0
40,2017-06-19,1807,0
40,2017-06-26,1513,0
40,2017-07-03,1647,0
40,2017-07-10,1818,0
40,2017-07-17,1479,0
40,2017-07-24,1735,0
40,2017-07-31,1717,0
40,2017-08-07,1424,0
40,2017-08-14,1669,0
40,2017-08-21,1366,0
40,2017-08-28,1545,0
40,2017-09-04,1426,0
40,2017-09-11,1614,0
40,2017-09-18,1484,0
40,2017-09-25,1501,0
40,2017-10-02,1424,0
40,2017-10-09,1540,0
40,2017-10-16,1693,0
40,2017-10-23,1902,0
40,2017-10-30,1938,0
40,2017-11-06,1655,0
40,2017-11-13,1733,0
40,2017-11-20,1677,0
40,2017-11-27,1428,0
40,2017-12-04,1626,0
40,2017-12-11,1845,0
40,2017-12-18,1742,0
40,2017-12-25,1935,0
40,2018-01-01,1955,0
40,2018-01-08,1827,0
40,2018-01-15,1674,0
40,2018-01-22,1835,0
40,2018-01-29,1852,0
40,2018-02-05,1894,0
40,2018-02-12,2086,0
40,2018-02-19,1802,0
40,2018-02-26,1987,0
40,2018-03-05,2011,0
40,2018-03-12,2145,0
40,2018-03-19,2140,0
40,2018-03-26,2112,0
40,2018-04-02,2041,0
40,2018-04-09,1988,0
40,2018-04-16,2318,0
40,2018-04-23,2411,0
40,2018-04-30,2052,0
40,2018-05-07,2513,0
40,2018-05-14,2148,0
40,2018-05-21,2032,0
40,2018-05-28,1877,0
40,2018-06-04,2004,0
40,2018-06-11,1946,0
40,2018-06-18,1765,0
41,2017-01-02,742,0
41,2017-01-09,896,0
41,2017-01-16,838,0
41,2017-01-23,959,0
41,2017-01-30,898,0
41,2017-02-06,1011,0
41,2017-02-13,1015,0
41,2017-02-20,925,0
41,2017-02-27,915,0
41,2017-03-06,1398,0
41,2017-03-13,1173,0
41,2017-03-20,1146,0
41,2017-03-27,1213,0
41,2017-04-03,1114,0
41,2017-04-10,1079,0
41,2017-04-17,929,0
41,2017-04-24,1068,0
41,2017-05-01,1141,0
41,2017-05-08,1222,0
41,2017-05-15,1275,0
41,2017-05-22,1290,0
41,2017-05-29,1466,0
41,2017-06-05,1390,0
41,2017-06-12,1625,0
41,2017-06-19,1876,0
41,2017-06-26,1635,0
41,2017-07-03,1490,0
41,2017-07-10,1469,0
41,2017-07-17,1472,0
41,2017-07-24,1292,0
41,2017-07-31,1286,0
41,2017-08-07,1335,0
41,2017-08-14,1304,0
41,2017-08-21,1182,0
41,2017-08-28,1107,0
41,2017-09-04,1029,0
41,2017-09-11,993,0
41,2017-09-18,1142,0
41,2017-09-25,1274,0
41,2017-10-02,1140,0
41,2017-10-09,1151,0
41,2017-10-16,1256,0
41,2017-10-23,1205,0
41,2017-10-30,1028,0
41,2017-11-06,1228,0
41,2017-11-13,1305,0
41,2017-11-20,1172,0
41,2017-11-27,1172,0
41,2017-12-04,1031,0
41,2017-12-11,937,0
41,2017-12-18,966,0
41,2017-12-25,832,0
41,2018-01-01,815,0
41,2018-01-08,1016,0
41,2018-01-15,1177,0
41,2018-01-22,1173,0
41,2018-01-29,1124,0
41,2018-02-05,969,0
41,2018-02-12,1063,0
41,2018-02-19,999,0
41,2018-02-26,1022,0
41,2018-03-05,1017,0
41,2018-03-12,1030,0
41,2018-03-19,933,0
41,2018-03-26,959,0
41,2018-04-02,957,0
41,2018-04-09,1039,0
41,2018-04-16,1035,0
41,2018-04-23,1068,0
41,2018-04-30,1102,0
41,2018-05-07,1042,0
41,2018-05-14,1193,0
41,2018-05-21,954,0
41,2018-05-28,1088,0
41,2018-06-04,1010,0
41,2018-06-11,971,0
41,2018-06-18,998,0
42,2017-01-02,846,0
42,2017-01-09,810,0
42,2017-01-16,766,0
42,2017-01-23,804,0
42,2017-01-30,740,0
42,2017-02-06,921,0
42,2017-02-13,800,0
42,2017-02-20,735,0
42,2017-02-27,719,0
42,2017-03-06,693,0
42,2017-03-13,705,0
42,2017-03-20,578,0
42,2017-03-27,689,0
42,2017-04-03,622,0
42,2017-04-10,667,0
42,2017-04-17,761,0
42,2017-04-24,713,0
42,2017-05-01,766,0
42,2017-05-08,668,0
42,2017-05-15,547,0
42,2017-05-22,530,0
42,2017-05-29,556,0
42,2017-06-05,591,0
42,2017-06-12,564,0
42,2017-06-19,487,0
42,2017-06-26,648,0
42,2017-07-03,597,0
42,2017-07-10,663,0
42,2017-07-17,590,0
42,2017-07-24,637,0
42,2017-07-31,568,0
42,2017-08-07,685,0
42,2017-08-14,730,0
42,2017-08-21,768,0
42,2017-08-28,694,0
42,2017-09-04,867,0
42,2017-09-11,745,0
42,2017-09-18,727,0
42,2017-09-25,828,0
42,2017-10-02,835,0
42,2017-10-09,814,0
42,2017-10-16,912,0
42,2017-10-23,955,0
42,2017-10-30,1061,0
42,2017-11-06,1157,0
42,2017-11-13,1117,0
42,2017-11-20,1207,0
42,2017-11-27,1078,0
42,2017-12-04,1164,0
42,2017-12-11,1217,0
42,2017-12-18,1255,0
42,2017-12-25,1255,0
42,2018-01-01,1168,0
42,2018-01-08,1192,0
42,2018-01-15,1415,0
42,2018-01-22,1205,0
42,2018-01-29,1295,0
42,2018-02-05,1209,0
42,2018-02-12,1164,0
42,2018-02-19,1087,0
42,2018-02-26,1065,0
42,2018-03-05,1040,0
42,2018-03-12,1112,0
42,2018-03-19,991,0
42,2018-03-26,1014,0
42,2018-04-02,903,0
42,2018-04-09,863,0
42,2018-04-16,740,0
42,2018-04-23,808,0
42,2018-04-30,701,0
42,2018-05-07,665,0
42,2018-05-14,709,0
42,2018-05-21,813,0
42,2018-05-28,817,0
42,2018-06-04,701,0
42,2018-06-11,811,0
42,2018-06-18,909,0
43,2017-01-02,1700,0
43,2017-01-09,1911,0
43,2017-01-16,1819,0
43,2017-01-23,1928,0
43,2017-01-30,2070,0
43,2017-02-06,2274,0
43,2017-02-13,2245,0
43,2017-02-20,2115,0
43,2017-02-27,2142,0
43,2017-03-06,2174,0
43,2017-03-13,2065,0
43,2017-03-20,2145,0
43,2017-03-27,2042,0
43,2017-04-03,2390,0
43,2017-04-10,2870,0
43,2017-04-17,2372,0
43,2017-04-24,2456,0
43,2017-05-01,2353,0
43,2017-05-08,2386,0
43,2017-05-15,2319,0
43,2017-05-22,2166,0
43,2017-05-29,2174,0
43,2017-06-05,2155,0
43,2017-06-12,2249,0
43,2017-06-19,2012,0
43,2017-06-26,2040,0
43,2017-07-03,1966,0
43,2017-07-10,2324,0
43,2017-07-17,2499,0
43,2017-07-24,2409,0
43,2017-07-31,2216,0
43,2017-08-07,2095,0
43,2017-08-14,2209,0
43,2017-08-21,2119,0
43,2017-08-28,2225,0
43,2017-09-04,2134,0
43,2017-09-11,2269,0
43,2017-09-18,2798,0
43,2017-09-25,2652,0
43,2017-10-02,2484,0
43,2017-10-09,2583,0
43,2017-10-16,2422,0
43,2017-10-23,2516,0
43,2017-10-30,2266,0
43,2017-11-06,2608,0
43,2017-11-13,2628,0
43,2017-11-20,2490,0
43,2017-11-27,2384,0
43,2017-12-04,2606,0
43,2017-12-11,2421,0
43,2017-12-18,2632,0
43,2017-12-25,2645,0
43,2018-01-01,2452,0
43,2018-01-08,2545,0
43,2018-01-15,2982,0
43,2018-01-22,2919,0
43,2018-01-29,3005,0
43,2018-02-05,2926,0
43,2018-02-12,2743,0
43,2018-02-19,2979,0
43,2018-02-26,2792,0
43,2018-03-05,2792,0
43,2018-03-12,2709,0
43,2018-03-19,2956,0
43,2018-03-26,3060,0
43,2018-04-02,3015,0
43,2018-04-09,2842,0
43,2018-04-16,2810,0
43,2018-04-23,2800,0
43,2018-04-30,2833,0
43,2018-05-07,2944,0
43,2018-05-14,2597,0
43,2018-05-21,2545,0
43,2018-05-28,2513,0
43,2018-06-04,2219,0
43,2018-06-11,2303,0
43,2018-06-18,2339,0
44,2017-01-02,637,0
44,2017-01-09,480,0
44,2017-01-16,420,0
44,2017-01-23,397,0
44,2017-01-30,415,0
44,2017-02-06,404,0
44,2017-02-13,398,0
44,2017-02-20,378,0
44,2017-02-27,330,0
44,2017-03-06,499,0
44,2017-03-13,419,0
44,2017-03-20,456,0
44,2017-03-27,467,0
44,2017-04-03,844,0
44,2017-04-10,535,0
44,2017-04-17,504,0
44,2017-04-24,539,0
44,2017-05-01,508,0
44,2017-05-08,648,0
44,2017-05-15,550,0
44,2017-05-22,657,0
44,2017-05-29,612,0
44,2017-06-05,563,0
44,2017-06-12,814,0
44,2017-06-19,593,0
44,2017-06-26,675,0
44,2017-07-03,590,0
44,2017-07-10,700,0
44,2017-07-17,664,0
44,2017-07-24,586,0
44,2017-07-31,611,0
44,2017-08-07,690,0
44,2017-08-14,799,0
44,2017-08-21,707,0
44,2017-08-28,685,0
44,2017-09-04,797,0
44,2017-09-11,707,0
44,2017-09-18,767,0
44,2017-09-25,745,0
44,2017-10-02,888,0
44,2017-10-09,753,0
44,2017-10-16,802,0
44,2017-10-23,754,0
44,2017-10-30,953,0
44,2017-11-06,982,0
44,2017-11-13,975,0
44,2017-11-20,985,0
44,2017-11-27,1020,0
44,2017-12-04,962,0
44,2017-12-11,1034,0
44,2017-12-18,1392,0
44,2017-12-25,1232,0
44,2018-01-01,906,0
44,2018-01-08,870,0
44,2018-01-15,952,0
44,2018-01-22,1007,0
44,2018-01-29,972,0
44,2018-02-05,1052,0
44,2018-02-12,977,0
44,2018-02-19,1191,0
44,2018-02-26,1112,0
44,2018-03-05,1068,0
44,2018-03-12,1056,0
44,2018-03-19,1200,0
44,2018-03-26,1089,0
44,2018-04-02,982,0
44,2018-04-09,1033,0
44,2018-04-16,944,0
44,2018-04-23,925,0
44,2018-04-30,903,0
44,2018-05-07,933,0
44,2018-05-14,1038,0
44,2018-05-21,884,0
44,2018-05-28,903,0
44,2018-06-04,935,0
44,2018-06-11,964,0
44,2018-06-18,923,0
45,2017-01-02,797,0
45,2017-01-09,1161,0
45,2017-01-16,930,0
45,2017-01-23,864,0
45,2017-01-30,909,0
45,2017-02-06,952,0
45,2017-02-13,761,0
45,2017-02-20,776,0
45,2017-02-27,851,0
45,2017-03-06,877,0
45,2017-03-13,833,0
45,2017-03-20,913,0
45,2017-03-27,796,0
45,2017-04-03,826,0
45,2017-04-10,694,0
45,2017-04-17,698,0
45,2017-04-24,799,0
45,2017-05-01,684,0
45,2017-05-08,807,0
45,2017-05-15,779,0
45,2017-05-22,745,0
45,2017-05-29,714,0
45,2017-06-05,858,0
45,2017-06-12,851,0
45,2017-06-19,879,0
45,2017-06-26,844,0
45,2017-07-03,911,0
45,2017-07-10,972,0
45,2017-07-17,986,0
45,2017-07-24,962,0
45,2017-07-31,1004,0
45,2017-08-07,964,0
45,2017-08-14,839,0
45,2017-08-21,788,0
45,2017-08-28,860,0
45,2017-09-04,753,0
45,2017-09-11,779,0
45,2017-09-18,778,0
45,2017-09-25,818,0
45,2017-10-02,741,0
45,2017-10-09,761,0
45,2017-10-16,1059,0
45,2017-10-23,783,0
45,2017-10-30,763,0
45,2017-11-06,762,0
45,2017-11-13,836,0
45,2017-11-20,892,0
45,2017-11-27,802,0
45,2017-12-04,831,0
45,2017-12-11,756,0
45,2017-12-18,815,0
45,2017-12-25,721,0
45,2018-01-01,804,0
45,2018-01-08,901,0
45,2018-01-15,891,0
45,2018-01-22,866,0
45,2018-01-29,852,0
45,2018-02-05,869,0
45,2018-02-12,802,0
45,2018-02-19,818,0
45,2018-02-26,785,0
45,2018-03-05,884,0
45,2018-03-12,876,0
45,2018-03-19,1170,0
45,2018-03-26,934,0
45,2018-04-02,851,0
45,2018-04-09,1042,0
45,2018-04-16,1040,0
45,2018-04-23,910,0
45,2018-04-30,851,0
45,2018-05-07,853,0
45,2018-05-14,1539,0
45,2018-05-21,1630,0
45,2018-05-28,1721,0
45,2018-06-04,1810,0
45,2018-06-11,2049,0
45,2018-06-18,1495,0
46,2017-01-02,1100,0
46,2017-01-09,1157,0
46,2017-01-16,1180,0
46,2017-01-23,1178,0
46,2017-01-30,1247,0
46,2017-02-06,1255,0
46,2017-02-13,1237,0
46,2017-02-20,1235,0
46,2017-02-27,1135,0
46,2017-03-06,1104,0
46,2017-03-13,1240,0
46,2017-03-20,1240,0
46,2017-03-27,1219,0
46,2017-04-03,1278,0
46,2017-04-10,1206,0
46,2017-04-17,1339,0
46,2017-04-24,1299,0
46,2017-05-01,1195,0
46,2017-05-08,1265,0
46,2017-05-15,5896,0
46,2017-05-22,3666,0
46,2017-05-29,2572,0
46,2017-06-05,2420,0
46,2017-06-12,2160,0
46,2017-06-19,1916,0
46,2017-06-26,1914,0
46,2017-07-03,1837,0
46,2017-07-10,2029,0
46,2017-07-17,2175,0
46,2017-07-24,2119,0
46,2017-07-31,2045,0
46,2017-08-07,1936,0
46,2017-08-14,1761,0
46,2017-08-21,1792,0
46,2017-08-28,1856,0
46,2017-09-04,1790,0
46,2017-09-11,1848,0
46,2017-09-18,1778,0
46,2017-09-25,1926,0
46,2017-10-02,1719,0
46,2017-10-09,1707,0
46,2017-10-16,1640,0
46,2017-10-23,1532,0
46,2017-10-30,1659,0
46,2017-11-06,1751,0
46,2017-11-13,1692,0
46,2017-11-20,1761,0
46,2017-11-27,1649,0
46,2017-12-04,1709,0
46,2017-12-11,1655,0
46,2017-12-18,1764,0
46,2017-12-25,1791,0
46,2018-01-01,1871,0
46,2018-01-08,1933,0
46,2018-01-15,1868,0
46,2018-01-22,1964,0
46,2018-01-29,1962,0
46,2018-02-05,1912,0
46,2018-02-12,2026,0
46,2018-02-19,2180,0
46,2018-02-26,1896,0
46,2018-03-05,1987,0
46,2018-03-12,1957,0
46,2018-03-19,2283,0
46,2018-03-26,1810,0
46,2018-04-02,2045,0
46,2018-04-09,2016,0
46,2018-04-16,1986,0
46,2018-04-23,1956,0
46,2018-04-30,1944,0
46,2018-05-07,1938,0
46,2018-05-14,1984,0
46,2018-05-21,1964,0
46,2018-05-28,1914,0
46,2018-06-04,1849,0
46,2018-06-11,1716,0
46,2018-06-18,1794,0
47,2017-01-02,2567,0
47,2017-01-09,2314,0
47,2017-01-16,2185,0
47,2017-01-23,2301,0
47,2017-01-30,2366,0
47,2017-02-06,2563,0
47,2017-02-13,2595,0
47,2017-02-20,2252,0
47,2017-02-27,2395,0
47,2017-03-06,2260,0
47,2017-03-13,2127,0
47,2017-03-20,2241,0
47,2017-03-27,2020,0
47,2017-04-03,2219,0
47,2017-04-10,2278,0
47,2017-04-17,2193,0
47,2017-04-24,2232,0
47,2017-05-01,2239,0
47,2017-05-08,1912,0
47,2017-05-15,1865,0
47,2017-05-22,1788,0
47,2017-05-29,1727,0
47,2017-06-05,1552,0
47,2017-06-12,1422,0
47,2017-06-19,1397,0
47,2017-06-26,1625,0
47,2017-07-03,1406,0
47,2017-07-10,1587,0
47,2017-07-17,1585,0
47,2017-07-24,1569,0
47,2017-07-31,1543,0
47,2017-08-07,1486,0
47,2017-08-14,1436,0
47,2017-08-21,1614,0
47,2017-08-28,1836,0
47,2017-09-04,2058,0
47,2017-09-11,2165,0
47,2017-09-18,1959,0
47,2017-09-25,1995,0
47,2017-10-02,2042,0
47,2017-10-09,1869,0
47,2017-10-16,1907,0
47,2017-10-23,2051,0
47,2017-10-30,1994,0
47,2017-11-06,2175,0
47,2017-11-13,2009,0
47,2017-11-20,2339,0
47,2017-11-27,2352,0
47,2017-12-04,2558,0
47,2017-12-11,2483,0
47,2017-12-18,2499,0
47,2017-12-25,2253,0
47,2018-01-01,2475,0
47,2018-01-08,2606,0
47,2018-01-15,2489,0
47,2018-01-22,2423,0
47,2018-01-29,2724,0
47,2018-02-05,2243,0
47,2018-02-12,2287,0
47,2018-02-19,2211,0
47,2018-02-26,2292,0
47,2018-03-05,2254,0
47,2018-03-12,2338,0
47,2018-03-19,2142,0
47,2018-03-26,2288,0
47,2018-04-02,1976,0
47,2018-04-09,1878,0
47,2018-04-16,1800,0
47,2018-04-23,2003,0
47,2018-04-30,2060,0
47,2018-05-07,2154,0
47,2018-05-14,2065,0
47,2018-05-21,1964,0
47,2018-05-28,1801,0
47,2018-06-04,1760,0
47,2018-06-11,1777,0
47,2018-06-18,1892,0
48,2017-01-02,1545,0
48,2017-01-09,1634,0
48,2017-01-16,1539,0
48,2017-01-23,1534,0
48,2017-01-30,1749,0
48,2017-02-06,1833,0
48,2017-02-13,1729,0
48,2017-02-20,1693,0
48,2017-02-27,1976,0
48,2017-03-06,1838,0
48,2017-03-13,1853,0
48,2017-03-20,1992,0
48,2017-03-27,1955,0
48,2017-04-03,2145,0
48,2017-04-10,2620,0
48,2017-04-17,2246,0
48,2017-04-24,2684,0
48,2017-05-01,2814,0
48,2017-05-08,2871,0
48,2017-05-15,3100,0
48,2017-05-22,3144,0
48,2017-05-29,2689,0
48,2017-06-05,2706,0
48,2017-06-12,2694,0
48,2017-06-19,2515,0
48,2017-06-26,2484,0
48,2017-07-03,2519,0
48,2017-07-10,2773,0
48,2017-07-17,3022,0
48,2017-07-24,2452,0
48,2017-07-31,2448,0
48,2017-08-07,2406,0
48,2017-08-14,2260,0
48,2017-08-21,2254,0
48,2017-08-28,2666,0
48,2017-09-04,2307,0
48,2017-09-11,2493,0
48,2017-09-18,1940,0
48,2017-09-25,1668,0
48,2017-10-02,1664,0
48,2017-10-09,1741,0
48,2017-10-16,1530,0
48,2017-10-23,1521,0
48,2017-10-30,1566,0
48,2017-11-06,1376,0
48,2017-11-13,1404,0
48,2017-11-20,1402,0
48,2017-11-27,1480,0
48,2017-12-04,1306,0
48,2017-12-11,1435,0
48,2017-12-18,1542,0
48,2017-12-25,1842,0
48,2018-01-01,1562,0
48,2018-01-08,1575,0
48,2018-01-15,1634,0
48,2018-01-22,1600,0
48,2018-01-29,1530,0
48,2018-02-05,1536,0
48,2018-02-12,1474,0
48,2018-02-19,1549,0
48,2018-02-26,1575,0
48,2018-03-05,1771,0
48,2018-03-12,1638,0
48,2018-03-19,1658,0
48,2018-03-26,1725,0
48,2018-04-02,1588,0
48,2018-04-09,1546,0
48,2018-04-16,1770,0
48,2018-04-23,1546,0
48,2018-04-30,1787,0
48,2018-05-07,1659,0
48,2018-05-14,1680,0
48,2018-05-21,1709,0
48,2018-05-28,1962,0
48,2018-06-04,1773,0
48,2018-06-11,1735,0
48,2018-06-18,1653,0
49,2017-01-02,1920,0
49,2017-01-09,1692,0
49,2017-01-16,1575,0
49,2017-01-23,1561,0
49,2017-01-30,1684,0
49,2017-02-06,1763,0
49,2017-02-13,1749,0
49,2017-02-20,1849,0
49,2017-02-27,1811,0
49,2017-03-06,1766,0
49,2017-03-13,1673,0
49,2017-03-20,1980,0
49,2017-03-27,1841,0
49,2017-04-03,1923,0
49,2017-04-10,1832,0
49,2017-04-17,1829,0
49,2017-04-24,2395,0
49,2017-05-01,2061,0
49,2017-05-08,2190,0
49,2017-05-15,2155,0
49,2017-05-22,2538,0
49,2017-05-29,2166,0
49,2017-06-05,2403,0
49,2017-06-12,2351,0
49,2017-06-19,2324,0
49,2017-06-26,2721,0
49,2017-07-03,3479,0
49,2017-07-10,3300,0
49,2017-07-17,3547,0
49,2017-07-24,3454,0
49,2017-07-31,3420,0
49,2017-08-07,3232,0
49,2017-08-14,3159,0
49,2017-08-21,3162,0
49,2017-08-28,3128,0
49,2017-09-04,2855,0
49,2017-09-11,3072,0
49,2017-09-18,3073,0
49,2017-09-25,2891,0
49,2017-10-02,3042,0
49,2017-10-09,2851,0
49,2017-10-16,2889,0
49,2017-10-23,2735,0
49,2017-10-30,2914,0
49,2017-11-06,2796,0
49,2017-11-13,2771,0
49,2017-11-20,3184,0
49,2017-11-27,3103,0
49,2017-12-04,2816,0
49,2017-12-11,3036,0
49,2017-12-18,3430,0
49,2017-12-25,7008,0
49,2018-01-01,5388,0
49,2018-01-08,4462,0
49,2018-01-15,4578,0
49,2018-01-22,4255,0
49,2018-01-29,4030,0
49,2018-02-05,4617,0
49,2018-02-12,3621,0
49,2018-02-19,3794,0
49,2018-02-26,3696,0
49,2018-03-05,3778,0
49,2018-03-12,3866,0
49,2018-03-19,4264,0
49,2018-03-26,4910,0
49,2018-04-02,4940,0
49,2018-04-09,4637,0
49,2018-04-16,4900,0
49,2018-04-23,4678,0
49,2018-04-30,4992,0
49,2018-05-07,5312,0
49,2018-05-14,5800,0
49,2018-05-21,5194,0
49,2018-05-28,4837,0
49,2018-06-04,4814,0
49,2018-06-11,4294,0
49,2018-06-18,3789,0
50,2017-01-02,2051,0
50,2017-01-09,2063,0
50,2017-01-16,1969,0
50,2017-01-23,1927,0
50,2017-01-30,1828,0
50,2017-02-06,1748,0
50,2017-02-13,1869,0
50,2017-02-20,1701,0
50,2017-02-27,1682,0
50,2017-03-06,1668,0
50,2017-03-13,1555,0
50,2017-03-20,1659,0
50,2017-03-27,1566,0
50,2017-04-03,1573,0
50,2017-04-10,1697,0
50,2017-04-17,1732,0
50,2017-04-24,1682,0
50,2017-05-01,1535,0
50,2017-05-08,1592,0
50,2017-05-15,1612,0
50,2017-05-22,1675,0
50,2017-05-29,1526,0
50,2017-06-05,1545,0
50,2017-06-12,1703,0
50,2017-06-19,1591,0
50,2017-06-26,1758,0
50,2017-07-03,1776,0
50,2017-07-10,1764,0
50,2017-07-17,1885,0
50,2017-07-24,2988,0
50,2017-07-31,1991,0
50,2017-08-07,2027,0
50,2017-08-14,2098,0
50,2017-08-21,1859,0
50,2017-08-28,1829,0
50,2017-09-04,1779,0
50,2017-09-11,1918,0
50,2017-09-18,1765,0
50,2017-09-25,1736,0
50,2017-10-02,1858,0
50,2017-10-09,1921,0
50,2017-10-16,2014,0
50,2017-10-23,2060,0
50,2017-10-30,2224,0
50,2017-11-06,2140,0
50,2017-11-13,2086,0
50,2017-11-20,2291,0
50,2017-11-27,2225,0
50,2017-12-04,2328,0
50,2017-12-11,2288,0
50,2017-12-18,2609,0
50,2017-12-25,2867,0
50,2018-01-01,2552,0
50,2018-01-08,2552,0
50,2018-01-15,2815,0
50,2018-01-22,3000,0
50,2018-01-29,2683,0
50,2018-02-05,2677,0
50,2018-02-12,2652,0
50,2018-02-19,2543,0
50,2018-02-26,2765,0
50,2018-03-05,2605,0
50,2018-03-12,2651,0
50,2018-03-19,2588,0
50,2018-03-26,2513,0
50,2018-04-02,2338,0
50,2018-04-09,2308,0
50,2018-04-16,2228,0
50,2018-04-23,2230,0
50,2018-04-30,2283,0
50,2018-05-07,2400,0
50,2018-05-14,2426,0
50,2018-05-21,2452,0
50,2018-05-28,2322,0
50,2018-06-04,2330,0
50,2018-06-11,2324,0
50,2018-06-18,2230,0
51,2017-01-02,974,0
51,2017-01-09,1000,0
51,2017-01-16,922,0
51,2017-01-23,948,0
51,2017-01-30,953,0
51,2017-02-06,982,0
51,2017-02-13,954,0
51,2017-02-20,917,0
51,2017-02-27,979,0
51,2017-03-06,894,0
51,2017-03-13,972,0
51,2017-03-20,908,0
51,2017-03-27,985,0
51,2017-04-03,845,0
51,2017-04-10,1035,0
51,2017-04-17,1079,0
51,2017-04-24,1455,0
51,2017-05-01,1935,0
51,2017-05-08,1658,0
51,2017-05-15,1568,0
51,2017-05-22,1411,0
51,2017-05-29,1274,0
51,2017-06-05,1328,0
51,2017-06-12,1216,0
51,2017-06-19,1094,0
51,2017-06-26,1049,0
51,2017-07-03,1005,0
51,2017-07-10,1103,0
51,2017-07-17,1068,0
51,2017-07-24,1104,0
51,2017-07-31,1073,0
51,2017-08-07,1157,0
51,2017-08-14,1210,0
51,2017-08-21,1178,0
51,2017-08-28,1194,0
51,2017-09-04,1115,0
51,2017-09-11,1189,0
51,2017-09-18,1081,0
51,2017-09-25,1034,0
51,2017-10-02,1230,0
51,2017-10-09,994,0
51,2017-10-16,1265,0
51,2017-10-23,1243,0
51,2017-10-30,1216,0
51,2017-11-06,1096,0
51,2017-11-13,1114,0
51,2017-11-20,1043,0
51,2017-11-27,1001,0
51,2017-12-04,1191,0
51,2017-12-11,1318,0
51,2017-12-18,1511,0
51,2017-12-25,1464,0
51,2018-01-01,1146,0
51,2018-01-08,1034,0
51,2018-01-15,1179,0
51,2018-01-22,1182,0
51,2018-01-29,1300,0
51,2018-02-05,1206,0
51,2018-02-12,1144,0
51,2018-02-19,1471,0
51,2018-02-26,2044,0
51,2018-03-05,1662,0
51,2018-03-12,1822,0
51,2018-03-19,1539,0
51,2018-03-26,1667,0
51,2018-04-02,1493,0
51,2018-04-09,1560,0
51,2018-04-16,1401,0
51,2018-04-23,1503,0
51,2018-04-30,1446,0
51,2018-05-07,1366,0
51,2018-05-14,1383,0
51,2018-05-21,1431,0
51,2018-05-28,1461,0
51,2018-06-04,1396,0
51,2018-06-11,1270,0
51,2018-06-18,1187,0
