"isrc";"trackName";"artistName";"danceability";"energy";"loudness";"mode";"speechiness";"acousticness";"instrumentalness";"liveness";"valence";"tempo";"duration_ms"
"USCM51700084";"Fake Love";"Drake";0,928;0,481;-9,35;0;0,287;0,105;0;0,176;0,613;134,007;210937
"USUM71601827";"Into You";"Ariana Grande";0,636;0,727;-5,852;1;0,106;0,0161;0,00000112;0,151;0,358;107,988;244453
"USCM51600080";"Controlla";"Drake";0,607;0,476;-11,076;0;0,249;0,0773;0;0,113;0,347;122,976;245227
"USCM51500238";"Hotline Bling";"Drake";0,903;0,62;-8,094;1;0,0587;0,0035;0,0001;0,0504;0,539;134,96;267067
"GBAYE1500979";"Hymn for the Weekend";"Coldplay";0,49;0,743;-5,155;0;0,0409;0,255;0,00000721;0,3;0,363;89,974;258827
"GBAYE0200772";"The Scientist";"Coldplay";0,56;0,442;-7,224;1;0,0243;0,727;0;0,11;0,212;146,448;309600
"GBAYE1500981";"Adventure of a Lifetime";"Coldplay";0,638;0,924;-3,887;1;0,0359;0,002;0,0002;0,149;0,529;111,995;263787
"USIR20400274";"Mr. Brightside";"The Killers";0,356;0,924;-3,74;1;0,0808;0,001;0;0,0953;0,232;148,017;222587
"GBAYE1700824";"Hypnotised";"Coldplay";0,513;0,683;-6,185;1;0,032;0,339;0,739;0,0871;0,153;120,056;355172
"USWB11700221";"Battle Symphony";"Linkin Park";0,653;0,839;-5,077;1;0,0685;0,0369;0;0,068;0,669;149,034;216281
"USCM51700072";"Passionfruit";"Drake";0,809;0,463;-11,377;1;0,0396;0,256;0,085;0,109;0,364;111,98;298941
"USCM51700056";"Free Smoke";"Drake";0,736;0,491;-6,892;0;0,439;0,0681;0;0,571;0,203;141,979;218674
"USCM51700057";"Blem";"Drake";0,726;0,535;-7,804;0;0,0476;0,0533;0;0,0984;0,375;98,067;216558
"USCM51700046";"Gyalchester";"Drake";0,877;0,391;-8,196;1;0,063;0,0317;0,0005;0,0945;0,122;131,018;189230
"USCM51700082";"Jorja Interlude";"Drake";0,735;0,373;-10,478;1;0,104;0,762;0,002;0,288;0,237;123,081;107673
"USCM51700053";"Madiba Riddim";"Drake";0,839;0,521;-10,45;1;0,166;0,245;0,0054;0,607;0,33;105,992;205163
"USCM51700048";"Teenage Fever";"Drake";0,766;0,283;-10,33;0;0,0846;0,111;0,0172;0,115;0,144;97,04;219692
"USCM51700087";"Skepta Interlude";"Drake";0,745;0,822;-6,354;1;0,252;0,0103;0,0000042;0,155;0,415;86,733;143214
"USCM51700074";"Nothings Into Somethings";"Drake";0,766;0,234;-7,544;0;0,159;0,332;0,0016;0,358;0,256;96,882;153725
"USCM51700071";"Lose You";"Drake";0,526;0,583;-9,172;1;0,376;0,699;0;0,372;0,378;89,835;305374
"USCM51700080";"Can't Have Everything";"Drake";0,856;0,572;-8,429;1;0,373;0,0136;0,00000155;0,121;0,454;82,445;228438
"USCM51700049";"Do Not Disturb";"Drake";0,618;0,693;-5,943;0;0,45;0,246;0;0,112;0,454;170,982;283551
"USWB11700218";"Nobody Can Save Me";"Linkin Park";0,645;0,688;-4,749;1;0,0341;0,0107;0;0,186;0,433;139,957;225547
"USWB11700223";"Sorry for Now";"Linkin Park";0,608;0,584;-6,652;1;0,0352;0,01;0;0,203;0,251;94,956;203653
"USUM71409723";"One Last Time";"Ariana Grande";0,624;0,618;-4,868;1;0,0322;0,115;0,0000033;0,104;0,122;125,036;197253
"USCJY1431309";"Blank Space";"Taylor Swift";0,76;0,703;-5,412;1;0,054;0,103;0;0,0913;0,57;95,997;231827
"USCJY1431349";"Shake It Off";"Taylor Swift";0,647;0,8;-5,384;1;0,165;0,0647;0;0,334;0,942;160,078;219200
"USCJY1431319";"Style";"Taylor Swift";0,588;0,791;-5,595;1;0,0402;0,0024;0,0026;0,118;0,487;94,933;231000
"USCJY1431369";"Bad Blood";"Taylor Swift";0,652;0,802;-6,114;1;0,181;0,0871;0,00000645;0,148;0,295;170,157;211933
"USCJY1431379";"Wildest Dreams";"Taylor Swift";0,553;0,664;-7,417;1;0,0741;0,0709;0,0056;0,106;0,467;140,06;220440
"GBAYE1700916";"All I Can Think About Is You";"Coldplay";0,348;0,712;-6,412;1;0,0335;0,155;0,702;0,0683;0,424;73,102;274587
"USUM71705733";"The Man";"The Killers";0,612;0,942;-2,558;0;0,122;0,0776;0,00000597;0,0867;0,474;106,039;248400
"USCM51700269";"Signs";"Drake";0,801;0,727;-4,687;1;0,0606;0,0864;0,0041;0,112;0,218;107,371;234373
"GBAYE1700918";"A L I E N S";"Coldplay";0,425;0,878;-4,979;0;0,038;0,0016;0,0009;0,206;0,252;148,002;282427
"USWB10002407";"In the End";"Linkin Park";0,556;0,864;-5,87;0;0,0584;0,0096;0;0,209;0,4;105,143;216880
"USWB10300474";"Numb";"Linkin Park";0,496;0,863;-4,153;1;0,0381;0,0046;0;0,639;0,243;110,018;185587
"USWB10700721";"What I've Done";"Linkin Park";0,623;0,93;-5,285;1;0,0324;0,0141;0,00000164;0,138;0,287;120,119;205613
"USWB10002399";"One Step Closer";"Linkin Park";0,492;0,969;-4,419;1;0,0491;0,0014;0,00000132;0,0787;0,538;95,136;157333
"USWB10002405";"Crawling";"Linkin Park";0,58;0,702;-5,565;1;0,0337;0,0466;0,0000032;0,536;0,299;105,076;208960
"USWB10002403";"Papercut";"Linkin Park";0,524;0,939;-3,994;1;0,113;0,0002;0;0,623;0,661;150,184;184867
"USWB11700225";"One More Light";"Linkin Park";0,593;0,2;-11,063;1;0,0311;0,904;0;0,0897;0,17;83,966;255067
"USWB10300376";"Somewhere I Belong";"Linkin Park";0,451;0,951;-3,754;1;0,0645;0,0004;0,00000239;0,261;0,442;162,065;213933
"USWB10701213";"Bleed It Out";"Linkin Park";0,542;0,932;-4,896;1;0,05;0,0747;0;0,613;0,698;140,135;164760
"USWB10300468";"Faint";"Linkin Park";0,554;0,978;-3,554;1;0,131;0,111;0;0,0731;0,594;135,095;162600
"USWB11200587";"BURN IT DOWN";"Linkin Park";0,585;0,972;-4,45;0;0,0534;0,0143;0;0,0707;0,585;110,006;230253
"USWB10701212";"Leave Out All The Rest";"Linkin Park";0,509;0,629;-6,434;1;0,0335;0,209;0,00000199;0,369;0,237;80,012;209307
"USWB10300470";"Breaking the Habit";"Linkin Park";0,579;0,849;-5,218;0;0,0303;0,108;0;0,0909;0,581;100,021;196907
"USWB11700220";"Talking to Myself";"Linkin Park";0,593;0,712;-6,325;0;0,0286;0,0018;0;0,128;0,473;124,013;231307
"USWB10002404";"Points of Authority";"Linkin Park";0,512;0,97;-3,886;0;0,212;0,03;0;0,0994;0,427;94,952;200240
"USWB10001203";"A Place for My Head";"Linkin Park";0,603;0,908;-5,254;1;0,184;0,0144;0;0,671;0,457;133,063;184640
"USWB11700222";"Invisible";"Linkin Park";0,47;0,74;-6,093;1;0,07;0,0455;0;0,091;0,562;84,841;214347
"USWB10300471";"From the Inside";"Linkin Park";0,466;0,965;-2,597;0;0,0904;0,042;0;0,101;0,453;95,028;173933
"USWB10002406";"Runaway";"Linkin Park";0,636;0,884;-4,743;1;0,0584;0,0142;0;0,253;0,446;109,16;183973
"USWB10701214";"Shadow of the Day";"Linkin Park";0,29;0,373;-7,862;1;0,0313;0,0065;0,0242;0,106;0,0634;109,903;289907
"USWB10300465";"Lying from You";"Linkin Park";0,535;0,951;-3,324;0;0,18;0,0078;0;0,0669;0,723;160,102;175373
"USWB11700226";"Sharp Edges";"Linkin Park";0,652;0,714;-5,678;1;0,0562;0,145;0;0,154;0,624;112,029;178200
"USWB10300464";"Don't Stay";"Linkin Park";0,488;0,995;-3,096;0;0,108;0,0015;0;0,911;0,679;90,058;187933
"USWB10701211";"Given Up";"Linkin Park";0,655;0,885;-4,116;1;0,0438;0,0012;0,0005;0,0448;0,938;100,088;189293
"USWB11700224";"Halfway Right";"Linkin Park";0,655;0,626;-7,155;0;0,045;0,0134;0;0,349;0,498;134,028;217067
"USWB11200795";"CASTLE OF GLASS";"Linkin Park";0,615;0,911;-3,584;0;0,0278;0,0686;0,0019;0,0908;0,685;108;205400
"USWB10003250";"My December";"Linkin Park";0,73;0,585;-9,274;1;0,0238;0,375;0,0101;0,147;0,721;100,021;260560
"USWB11001851";"Waiting for the End";"Linkin Park";0,487;0,961;-4,139;1;0,132;0,0415;0,00000115;0,553;0,323;170,005;231680
"USUM71707343";"Run For Cover";"The Killers";0,461;0,957;-3,306;1;0,139;0,0016;0,0038;0,313;0,461;165,092;223067
"USCJY1750000";"Look What You Made Me Do";"Taylor Swift";0,767;0,671;-6,416;0;0,142;0,21;0;0,129;0,474;128,072;211859
"USRW31700018";"The Sky Is A Neighborhood";"Foo Fighters";0,358;0,549;-7,843;0;0,0693;0,0008;0,005;0,22;0,533;130,733;244573
"USCJY1750003";"...Ready For It?";"Taylor Swift";0,616;0,77;-6,5;1;0,142;0,0573;0;0,159;0,412;160,049;208198
"GBUM71604915";"You’re The Best Thing About Me";"U2";0,653;0,775;-6,723;1;0,0366;0,0018;0;0,331;0,82;117,016;225738
"USRW31700021";"Arrows";"Foo Fighters";0,515;0,917;-7,312;1;0,0417;0,0002;0,0005;0,145;0,409;121,988;266187
"USRW31700013";"Run";"Foo Fighters";0,359;0,893;-8,036;0;0,0665;0;0,0955;0,751;0,185;136,115;323373
"USRW31700016";"T-Shirt";"Foo Fighters";0,313;0,348;-10,356;0;0,0637;0,0014;0,00000168;0,119;0,503;145,603;82613
"USRW31700017";"Make It Right";"Foo Fighters";0,559;0,933;-7,51;1;0,0561;0,0008;0,0741;0,0595;0,45;141,939;279253
"USRW31700019";"La Dee Da";"Foo Fighters";0,354;0,804;-8,11;1;0,0582;0;0,0044;0,454;0,224;175,731;242760
"USCJY1750009";"Gorgeous";"Taylor Swift";0,794;0,537;-6,865;1;0,169;0,079;0,00000498;0,227;0,418;92,022;209680
"USCJY1750015";"Call It What You Want";"Taylor Swift";0,599;0,508;-9,894;1;0,105;0,193;0,0002;0,329;0,269;163,957;203507
"USUM71417401";"Santa Tell Me";"Ariana Grande";0,464;0,63;-7,337;1;0,182;0,0464;0;0,295;0,527;132,96;204093
"USCJY1750005";"I Did Something Bad";"Taylor Swift";0,696;0,602;-6,156;0;0,159;0,0679;0;0,0696;0,305;82,989;238253
"USCJY1750006";"Don’t Blame Me";"Taylor Swift";0,615;0,534;-6,719;0;0,0386;0,106;0;0,0607;0,193;135,917;236413
"USCJY1750007";"Delicate";"Taylor Swift";0,75;0,404;-10,178;0;0,0682;0,216;0,0004;0,0911;0,0499;95,045;232253
"GBAYE1001401";"Christmas Lights";"Coldplay";0,312;0,418;-9,146;1;0,0296;0,131;0,0007;0,0836;0,237;130,795;242496
"USCJY1750010";"Getaway Car";"Taylor Swift";0,562;0,689;-6,745;1;0,127;0,0046;0,00000223;0,0888;0,351;172,054;233627
"USCM51800004";"God's Plan";"Drake";0,758;0,448;-9,441;1;0,103;0,0309;0,0001;0,558;0,373;77,176;198960
"USCM51800006";"Diplomatic Immunity";"Drake";0,663;0,846;-5,226;1;0,453;0,0047;0;0,292;0,526;75,137;255840
"USCM51800077";"Nice For What";"Drake";0,567;0,913;-6,471;1;0,0736;0,0934;0,0001;0,114;0,792;93,35;210926
"USCJY1831800";"September - Recorded at The Tracking Room Nashville";"Taylor Swift";0,641;0,444;-6,482;1;0,0239;0,412;0,0012;0,179;0,588;107,081;187824
"USUM71805289";"no tears left to cry";"Ariana Grande";0,703;0,696;-5,482;1;0,0529;0,0375;0,00000565;0,274;0,366;121,969;205947
"DEWS21700051";"One Night Stand";"Capital Bra";0,645;0,636;-6,128;0;0,437;0,397;0,00000149;0,0818;0,897;101,933;162335
"USCM51800121";"I'm Upset";"Drake";0,899;0,592;-7,901;0;0,333;0,263;0;0,0831;0,504;149,953;214139
"DEWS21700041";"Berlin lebt";"Capital Bra";0,651;0,655;-6,652;1;0,373;0,139;0,00000145;0,104;0,393;78,665;183829
"US23A1500056";"ocean eyes";"Billie Eilish";0,511;0,363;-7,65;0;0,041;0,816;0,0317;0,084;0,169;144,892;200379
"USCM51800191";"Nonstop";"Drake";0,909;0,405;-8,133;0;0,14;0,0306;0,007;0,105;0,455;154,984;238613
"USCM51800189";"Survival";"Drake";0,685;0,593;-9,083;0;0,284;0,134;0;0,123;0,144;84,763;136187
"USCM51800199";"Emotionless";"Drake";0,413;0,676;-5,124;1;0,213;0,0239;0;0,0811;0,0827;173,478;302173
"USCM51800196";"Elevate";"Drake";0,755;0,47;-8,72;1;0,139;0,0153;0;0,118;0,0604;76,056;184960
"USCM51800202";"8 Out Of 10";"Drake";0,534;0,684;-7,874;0;0,717;0,164;0;0,499;0,338;170,416;195720
"USCM51800211";"Mob Ties";"Drake";0,755;0,575;-8,392;0;0,0673;0,0443;0,0013;0,276;0,493;85,994;205147
"USCM51800215";"Can’t Take A Joke";"Drake";0,878;0,432;-9,852;0;0,143;0,041;0;0,0571;0,441;86,956;163973
"USCM51800218";"Sandra’s Rose";"Drake";0,487;0,85;-5,427;1;0,25;0,047;0;0,142;0,523;152,102;216333
"USCM51800206";"In My Feelings";"Drake";0,735;0,482;-9,445;1;0,139;0,0062;0,0144;0,448;0,315;181,995;217933
"USCM51800209";"Is There More";"Drake";0,636;0,538;-7,725;1;0,312;0,738;0;0,149;0,514;83,508;226920
"USCM51800224";"Summer Games";"Drake";0,776;0,482;-11,268;1;0,0356;0,481;0,0457;0,11;0,128;136,015;247893
"USCM51800220";"Peak";"Drake";0,689;0,217;-13,539;0;0,0387;0,847;0,0001;0,106;0,272;92,007;206027
"USCM51800227";"Jaded";"Drake";0,766;0,272;-5,696;1;0,041;0,0366;0;0,175;0,037;116,036;262453
"USCM51800225";"Finesse";"Drake";0,807;0,321;-8,147;0;0,0571;0,132;0,0003;0,1;0,305;94,994;182080
"USCM51800201";"Blue Tint";"Drake";0,888;0,377;-10,142;0;0,339;0,0126;0;0,19;0,126;133,996;162800
"USCM51800195";"That’s How You Feel";"Drake";0,81;0,451;-6,348;0;0,249;0,152;0,0537;0,108;0,359;85,417;157600
"USCM51800188";"Ratchet Happy Birthday";"Drake";0,648;0,535;-13,295;1;0,1;0,458;0,0025;0,106;0,444;168,03;207307
"USCM51800222";"March 14";"Drake";0,5;0,419;-7,349;0;0,39;0,4;0;0,36;0,313;91,963;309560
"USCM51800217";"Final Fantasy";"Drake";0,461;0,449;-10,998;1;0,442;0,428;0,00000829;0,115;0,104;86,505;219960
"USUM71808574";"God is a woman";"Ariana Grande";0,604;0,673;-5,979;1;0,0545;0,0268;0;0,187;0,287;144,971;197573
"USUM71810049";"you should see me in a crown";"Billie Eilish";0,697;0,552;-10,271;0;0,196;0,479;0,127;0,147;0,278;75,235;180567
"USUM71707712";"idontwannabeyouanymore";"Billie Eilish";0,483;0,412;-8,461;1;0,0402;0,737;0;0,116;0,247;170,163;203569
"USUM71808582";"breathin";"Ariana Grande";0,568;0,656;-5,413;1;0,0433;0,0211;0;0,213;0,364;100,049;198160
"USUM71808576";"sweetener";"Ariana Grande";0,721;0,459;-6,408;1;0,032;0,248;0;0,212;0,46;119,914;208493
"USUM71808580";"everytime";"Ariana Grande";0,71;0,614;-6,757;0;0,0431;0,186;0;0,0974;0,658;148,152;172107
"USUM71808568";"raindrops (an angel cried)";"Ariana Grande";0,336;0,231;-6,217;1;0,0497;0,942;0;0,188;0,429;168,685;37640
"USUM71808571";"R.E.M";"Ariana Grande";0,831;0,485;-6,677;0;0,15;0,375;0;0,118;0,622;80,022;245667
"USUM71808591";"pete davidson";"Ariana Grande";0,652;0,31;-10,212;1;0,0509;0,43;0;0,182;0,304;119,913;73813
"USUM71808578";"successful";"Ariana Grande";0,847;0,603;-4,607;0;0,0397;0,107;0,0000074;0,106;0,735;114,045;227387
"USUM71808588";"goodnight n go";"Ariana Grande";0,708;0,454;-7,07;1;0,0395;0,0217;0;0,073;0,24;110,963;189507
"USUM71808586";"better off";"Ariana Grande";0,597;0,524;-7,247;1;0,0537;0,216;0;0,112;0,0549;92,568;171333
"USUM71808594";"get well soon";"Ariana Grande";0,604;0,449;-6,564;0;0,0353;0,657;0;0,0932;0,528;100,355;322027
"USUM71815958";"when the party's over";"Billie Eilish";0,498;0,104;-14,08;0;0,0621;0,979;0,0001;0,0895;0,205;124,001;199931
"DEFZ71800080";"Allein";"Capital Bra";0,799;0,583;-7,199;0;0,115;0,75;0,00000593;0,136;0,322;119,93;222900
"USUM71819361";"thank u, next";"Ariana Grande";0,724;0,647;-5,642;1;0,0658;0,28;0;0,102;0,435;106,96;207333
"USUM71615103";"bellyache";"Billie Eilish";0,695;0,573;-8,597;0;0,106;0,46;0,0734;0,482;0,408;99,939;179172
"USUM71818958";"come out and play";"Billie Eilish";0,64;0,321;-14,604;1;0,0931;0,693;0,0307;0,114;0,177;145,045;210376
"USUM71822236";"imagine";"Ariana Grande";0,714;0,474;-4,993;1;0,039;0,374;0;0,106;0,376;62,484;212293
"DEFZ71800081";"Benzema";"Capital Bra";0,783;0,692;-6,156;0;0,329;0,485;0;0,12;0,26;100,082;159152
"USUM71318388";"Last Christmas";"Ariana Grande";0,503;0,8;-2,763;1;0,0391;0,125;0;0,109;0,789;205,95;203653
"USUM71900059";"WHEN I WAS OLDER - Music Inspired By The Film ROMA";"Billie Eilish";0,696;0,332;-12,834;1;0,0425;0,853;0,433;0,0848;0,0628;150,13;270520
"USUM71900110";"7 rings";"Ariana Grande";0,725;0,321;-10,744;0;0,323;0,578;0;0,0884;0,319;70,142;178640
"DEFZ71800084";"Prinzessa";"Capital Bra";0,732;0,583;-6,766;1;0,125;0,519;0;0,108;0,277;100,464;178000
"USUM71900770";"bury a friend";"Billie Eilish";0,905;0,389;-14,505;1;0,332;0,74;0,162;0,106;0,196;120,046;193143
"USUM71707643";"my boy";"Billie Eilish";0,692;0,394;-8,745;0;0,207;0,472;0,0002;0,117;0,324;89,936;170852
"USUM71900409";"break up with your girlfriend, i'm bored";"Ariana Grande";0,726;0,554;-5,29;0;0,0917;0,0421;0;0,106;0,335;169,999;190440
"USUM71900396";"needy";"Ariana Grande";0,647;0,309;-7,948;0;0,0366;0,78;0,00000741;0,202;0,195;87,045;171573
"USUM71900398";"NASA";"Ariana Grande";0,737;0,461;-6,887;1;0,293;0,447;0;0,268;0,481;75,005;182000
"USUM71900399";"bloodline";"Ariana Grande";0,758;0,665;-5,188;0;0,0774;0,0815;0,0002;0,216;0,643;151,976;216893
"USUM71900403";"bad idea";"Ariana Grande";0,847;0,58;-5,316;1;0,0723;0,0276;0,0548;0,1;0,575;137,995;267107
"USUM71900401";"fake smile";"Ariana Grande";0,45;0,619;-7,412;1;0,372;0,329;0;0,319;0,427;83,3;208880
"USUM71900406";"ghostin";"Ariana Grande";0,396;0,358;-8,294;1;0,0292;0,422;0;0,19;0,111;103,807;271467
"USUM71900407";"in my head";"Ariana Grande";0,662;0,6;-6,402;1;0,0703;0,173;0,0001;0,109;0,331;134,979;222947
"USUM71900404";"make up";"Ariana Grande";0,671;0,714;-5,373;1;0,21;0,0844;0,00000148;0,0568;0,477;105,137;140693
"DECE71900076";"Capital Bra je m'appelle";"Capital Bra";0,626;0,768;-4,653;0;0,166;0,159;0,0002;0,0848;0,753;80,066;187000
"USUM71900767";"wish you were gay";"Billie Eilish";0,853;0,351;-10,198;1;0,241;0,39;0,00000938;0,752;0,282;118,028;221543
"DECE71900171";"Cherry Lady";"Capital Bra";0,838;0,549;-7,145;0;0,0755;0,877;0,001;0,115;0,654;114,445;135597
"USUM71900764";"bad guy";"Billie Eilish";0,701;0,425;-10,965;1;0,375;0,328;0,13;0,1;0,562;135,128;194088
"USUM71900766";"all the good girls go to hell";"Billie Eilish";0,726;0,444;-8,922;0;0,372;0,283;0,143;0,177;0,569;185,044;168840
"USUM71900765";"xanny";"Billie Eilish";0,521;0,125;-17,832;1;0,239;0,751;0,0021;0,265;0,0528;111,554;243725
"USUM71900769";"my strange addiction";"Billie Eilish";0,939;0,305;-10,952;0;0,354;0,35;0,0002;0,105;0,563;100,029;179889
"USUM71900771";"ilomilo";"Billie Eilish";0,855;0,423;-15,044;0;0,0585;0,724;0,469;0,0896;0,572;120,02;156371
"USUM71900773";"i love you";"Billie Eilish";0,421;0,131;-18,435;1;0,0382;0,952;0,0045;0,109;0,12;137,446;291796
"USUM71900768";"8";"Billie Eilish";0,735;0,235;-13,239;1;0,315;0,698;0,006;0,107;0,462;62,446;173202
"USUM71900772";"listen before i go";"Billie Eilish";0,319;0,0561;-23,023;1;0,045;0,935;0,0038;0,388;0,082;79,764;242652
"USUM71900774";"goodbye";"Billie Eilish";0,153;0,138;-21,877;0;0,0503;0,837;0,55;0,254;0,0503;74,318;119410
"DELV41801782";"Letzte Träne";"Kontra K";0,705;0,919;-5,087;0;0,244;0,435;0;0,168;0,607;134,029;175922
"USUG11901470";"You Need To Calm Down";"Taylor Swift";0,769;0,678;-5,604;1;0,0507;0,0084;0;0,0596;0,706;85,025;171387
"USCM51900312";"Omertà";"Drake";0,646;0,899;-2,232;1;0,298;0,0337;0;0,232;0,685;164,119;219507
"USUG11901475";"The Archer";"Taylor Swift";0,292;0,574;-9,375;1;0,0401;0,12;0,0057;0,0663;0,166;124,344;211280
"USUG11902743";"Dreams Money Can Buy";"Drake";0,423;0,587;-6,635;1;0,529;0,765;0;0,114;0,33;180,331;253803
"USUG11902745";"How Bout Now";"Drake";0,789;0,404;-8,364;1;0,23;0,205;0;0,219;0,472;122,062;235566
"USCM51300760";"The Motion";"Drake";0,676;0,717;-8,219;0;0,0869;0,29;0,0004;0,0974;0,558;157,628;241000
"USUG11902746";"Trust Issues";"Drake";0,421;0,539;-5,456;0;0,274;0,779;0;0,111;0,523;89,177;281519
"USUG11902747";"Days in The East";"Drake";0,733;0,361;-11,129;1;0,135;0,348;0,0003;0,0942;0,0361;94,902;353698
"USUG11902750";"5 Am in Toronto";"Drake";0,555;0,88;-4,325;0;0,265;0,0678;0;0,0723;0,391;87,195;205264
"USUG11902754";"Club Paradise";"Drake";0,338;0,729;-6,419;0;0,102;0,758;0;0,18;0,543;184,174;283816
"USUG11902749";"4pm in Calabasas";"Drake";0,743;0,66;-4,802;0;0,418;0,115;0;0,101;0,549;192,031;240218
"USUG11902748";"Draft Day";"Drake";0,673;0,81;-3,793;1;0,36;0,0322;0;0,133;0,564;166,084;266325
"USUG11902751";"I Get Lonely";"Drake";0,477;0,501;-9,178;0;0,0398;0,706;0,00000561;0,0953;0,689;81,376;253562
"USUG11902752";"My Side";"Drake";0,549;0,495;-5,661;0;0,133;0,603;0,00000726;0,0979;0,385;81,012;294651
"USUG11902759";"Can I";"Drake";0,643;0,178;-8,56;0;0,0588;0,484;0,0108;0,122;0,0674;85,042;189289
"USUG11902758";"Paris Morton Music";"Drake";0,505;0,494;-8,635;0;0,315;0,414;0,0001;0,105;0,141;171,978;251240
"USUG11901473";"Lover";"Taylor Swift";0,359;0,543;-7,582;1;0,0919;0,492;0;0,118;0,453;68,534;221307
"USUG11901474";"The Man";"Taylor Swift";0,777;0,658;-5,191;1;0,054;0,0767;0;0,0901;0,633;110,048;190360
"USUG11901472";"Cruel Summer";"Taylor Swift";0,552;0,702;-5,707;1;0,157;0,117;0;0,105;0,564;169,994;178427
"USUG11901471";"I Forgot That You Existed";"Taylor Swift";0,664;0,316;-10,345;1;0,519;0,298;0,00000203;0,0812;0,541;92,875;170640
"USUG11901476";"I Think He Knows";"Taylor Swift";0,897;0,366;-8,029;1;0,0569;0,0089;0,0004;0,0715;0,416;100,003;173387
"USUG11901477";"Miss Americana & The Heartbreak Prince";"Taylor Swift";0,662;0,747;-6,926;0;0,0736;0,028;0,0062;0,138;0,487;150,088;234147
"USUG11901478";"Paper Rings";"Taylor Swift";0,811;0,719;-6,553;1;0,0497;0,0129;0;0,0742;0,865;103,979;222400
"USUG11901479";"Cornelia Street";"Taylor Swift";0,824;0,624;-9,728;1;0,0827;0,781;0,0002;0,1;0,248;102,012;287267
"USUG11901481";"London Boy";"Taylor Swift";0,695;0,71;-6,639;1;0,05;0,0246;0,0001;0,133;0,557;157,925;190240
"USUG11901480";"Death By A Thousand Cuts";"Taylor Swift";0,712;0,732;-6,754;1;0,0629;0,454;0;0,319;0,313;94,071;198533
"USUG11901483";"False God";"Taylor Swift";0,739;0,32;-10,862;0;0,239;0,736;0,0001;0,111;0,351;79,97;200307
"USUG11901484";"Afterglow";"Taylor Swift";0,756;0,449;-8,746;1;0,0344;0,13;0;0,114;0,399;111,011;223293
"USUG11901486";"Daylight";"Taylor Swift";0,557;0,496;-9,602;1;0,0563;0,808;0,0002;0,0772;0,265;149,983;293453
"USUG11901485";"It’s Nice To Have A Friend";"Taylor Swift";0,737;0,175;-9,912;1;0,0401;0,971;0,0003;0,171;0,545;70,008;150440
"USWB11902213";"Behind Barz - Bonus";"Drake";0,854;0,554;-4,684;1;0,172;0,769;0,00000184;0,0749;0,272;142,069;163121
"GBAYE1901251";"Orphans";"Coldplay";0,503;0,808;-5,051;0;0,045;0,0254;0,0016;0,557;0,283;107,975;197533
"GBAYE1901074";"Everyday Life";"Coldplay";0,512;0,453;-8,991;1;0,0291;0,771;0,0914;0,065;0,236;124,05;258533
"USCM51600086";"Pop Style";"Drake";0,724;0,456;-10,009;1;0,127;0,215;0,00000241;0,105;0,0481;133,051;212947
"USCM51600078";"Still Here";"Drake";0,833;0,431;-9,604;1;0,194;0,0267;0;0,633;0,224;133,938;189853
"USCM51600084";"Childs Play";"Drake";0,745;0,473;-11,243;0;0,0955;0,017;0;0,197;0,296;80,006;241400
"USUM71601826";"Dangerous Woman";"Ariana Grande";0,677;0,604;-5,32;1;0,0385;0,0612;0;0,353;0,297;134,052;235947
"USCM51600336";"Two Birds, One Stone";"Drake";0,529;0,838;-2,619;1;0,212;0,337;0;0,127;0,355;88,052;238960
"USCM51100290";"Headlines";"Drake";0,636;0,566;-7,16;0;0,106;0,365;0,0004;0,0917;0,425;151,894;235987
"USCM51500010";"Legend";"Drake";0,712;0,563;-7,573;1;0,071;0,0269;0;0,0776;0,299;100,093;241853
"USCM51400222";"0 To 100 / The Catch Up";"Drake";0,559;0,716;-3,964;0;0,39;0,737;0;0,252;0,504;176,618;275227
"USCM51500037";"Jungle";"Drake";0,69;0,235;-8,651;1;0,0541;0,618;0,0001;0,107;0,378;99,906;320400
"USCJY1431329";"Out Of The Woods";"Taylor Swift";0,553;0,841;-6,937;1;0,0396;0,0007;0;0,341;0,338;92,008;235800
"USCJY0803275";"Love Story";"Taylor Swift";0,618;0,741;-3,95;1;0,031;0,17;0;0,0822;0,296;118,984;235267
"USCJY0803328";"You Belong With Me";"Taylor Swift";0,687;0,783;-4,44;1;0,0386;0,162;0;0,114;0,443;129,964;231133
"USCJY1431299";"Welcome To New York";"Taylor Swift";0,793;0,634;-4,807;1;0,0324;0,038;0,00000176;0,304;0,615;117,023;212600
"USCJY1231039";"I Knew You Were Trouble.";"Taylor Swift";0,622;0,469;-6,798;0;0,0363;0,0045;0,00000225;0,0398;0,679;77,019;217973
"USCJY1750008";"So It Goes...";"Taylor Swift";0,574;0,61;-7,283;1;0,0732;0,122;0,0000011;0,13;0,374;74,957;227907
"USCJY1750014";"This Is Why We Can’t Have Nice Things";"Taylor Swift";0,567;0,789;-5,986;1;0,115;0,0156;0;0,382;0,438;163,96;207133
"USCJY1750011";"King Of My Heart";"Taylor Swift";0,675;0,703;-7,902;1;0,0382;0,0088;0,00000221;0,0391;0,314;110,01;214320
"USCJY1750013";"Dress";"Taylor Swift";0,719;0,469;-8,792;1;0,0533;0,0329;0;0,169;0,0851;120,085;230373
"USCJY1750012";"Dancing With Our Hands Tied";"Taylor Swift";0,624;0,691;-6,686;0;0,196;0,0604;0;0,138;0,284;160,024;211507
"USCJY1750016";"New Year’s Day";"Taylor Swift";0,661;0,151;-12,864;1;0,0354;0,921;0;0,13;0,23;94,922;235467
"USCJY1831799";"Delicate - Recorded at The Tracking Room Nashville";"Taylor Swift";0,664;0,447;-8,404;1;0,0341;0,577;0;0,0968;0,431;90,976;228461
"USUM71803745";"bitches broken hearts";"Billie Eilish";0,777;0,422;-10,114;1;0,0482;0,919;0,0088;0,0958;0,187;120,041;176472
"USUM71707478";"COPYCAT";"Billie Eilish";0,679;0,388;-10,977;0;0,0932;0,353;0,0001;0,341;0,234;124,909;194711
"USCM50900244";"Best I Ever Had";"Drake";0,431;0,894;-2,673;0;0,33;0,0951;0;0,188;0,604;162,193;258760
"USCM51900146";"Lust For Life";"Drake";0,462;0,422;-10,381;1;0,175;0,939;0,0327;0,108;0,0853;87,364;176179
"USCM51900159";"Houstatlantavegas";"Drake";0,683;0,695;-6,798;0;0,0574;0,393;0,0012;0,124;0,406;135,337;290791
"USCM51900155";"November 18th";"Drake";0,749;0,476;-11,147;0;0,507;0,579;0;0,1;0,534;71,937;188189
"USUG11902756";"Heat Of The Moment";"Drake";0,641;0,454;-8,344;0;0,133;0,179;0,0001;0,065;0,302;78,036;343455
"GBAYE1601689";"Everglow";"Coldplay";0,425;0,257;-8,467;1;0,0321;0,968;0,0181;0,115;0,341;144,479;227507
"USRW30700007";"The Pretender";"Foo Fighters";0,433;0,959;-4,04;1;0,0431;0,0009;0;0,028;0,365;172,984;269373
"GBAYE1400217";"A Sky Full of Stars";"Coldplay";0,551;0,636;-7,125;1;0,0281;0,0071;0,002;0,217;0,153;124,996;268467
"GBAYE0800265";"Viva La Vida";"Coldplay";0,485;0,619;-7,115;0;0,0289;0,0941;0,00000331;0,109;0,416;138,017;242373
"USUM70837367";"Human";"The Killers";0,547;0,837;-7,085;1;0,0676;0,0011;0,0006;0,0937;0,568;135,47;245360
"GBUM70709792";"With Or Without You - Remastered";"U2";0,541;0,437;-11,874;1;0,0288;0,0002;0,318;0,148;0,127;110,162;295516
"USRW30500001";"Best of You";"Foo Fighters";0,366;0,94;-5,119;0;0,0696;0,0008;0,0001;0,188;0,369;130,198;255627
"USCM51100267";"Marvins Room";"Drake";0,492;0,26;-17,341;0;0,0921;0,646;0,0018;0,0705;0,312;111,519;347227
"GBAYE0500605";"Fix You";"Coldplay";0,209;0,418;-8,74;1;0,0338;0,163;0,002;0,113;0,123;138,265;295533
"USUM71601797";"Be Alright";"Ariana Grande";0,813;0,468;-7,79;0;0,0739;0,198;0;0,128;0,641;108,768;179293
"USUM71409734";"My Everything";"Ariana Grande";0,583;0,283;-5,228;1;0,0312;0,89;0;0,13;0,387;62,642;168547
"USCJY1231018";"We Are Never Ever Getting Back Together";"Taylor Swift";0,628;0,676;-5,911;1;0,0916;0,0096;0;0,102;0,75;85,984;191880
"USRW29600011";"Everlong";"Foo Fighters";0,412;0,882;-5,54;0;0,0369;0,0001;0,0003;0,0805;0,356;158,066;250547
"USIR20400195";"Somebody Told Me";"The Killers";0,509;0,987;-3,198;0;0,0886;0,0001;0,0009;0,119;0,647;138,039;197160
"USRW39900002";"Learn to Fly";"Foo Fighters";0,465;0,919;-4,025;1;0,0408;0;0;0,262;0,537;135,997;235293
"USWB10002400";"With You";"Linkin Park";0,421;0,978;-4,004;0;0,302;0,0037;0;0,111;0,359;196,921;203267
"USWB10001174";"By Myself";"Linkin Park";0,544;0,935;-4,159;0;0,173;0,0171;0,003;0,297;0,339;103,026;189800
"USWB10002408";"Forgotten";"Linkin Park";0,615;0,947;-3,817;0;0,11;0,0132;0;0,366;0,498;108,193;194427
"USWB10002410";"Pushing Me Away";"Linkin Park";0,484;0,913;-4,305;1;0,0425;0,0004;0;0,309;0,279;103,103;191440
"USWB10002409";"Cure for the Itch";"Linkin Park";0,75;0,677;-7,395;1;0,221;0,163;0,0509;0,247;0,851;99,99;157200
"USCJY1231040";"22";"Taylor Swift";0,658;0,729;-6,561;1;0,0378;0,0022;0,0013;0,0752;0,668;104,007;230133
"USUM71707339";"Wonderful Wonderful";"The Killers";0,464;0,754;-6,017;1;0,0593;0,0093;0,672;0,108;0,245;140,064;310533
"USRW31700020";"Dirty Water";"Foo Fighters";0,324;0,631;-8,245;1;0,0407;0,0036;0,0459;0,221;0,346;142,684;320880
"USRW31700022";"Happy Ever After (Zero Hour)";"Foo Fighters";0,428;0,259;-16,823;0;0,0338;0,808;0,0278;0,221;0,349;173,928;220973
"USRW31700025";"The Line";"Foo Fighters";0,42;0,9;-7,268;1;0,05;0,0001;0,0003;0,106;0,459;135,918;218240
"USRW31700023";"Sunday Rain";"Foo Fighters";0,538;0,534;-10,538;1;0,0298;0,0005;0,0009;0,127;0,722;77,527;371453
"USRW31700026";"Concrete and Gold";"Foo Fighters";0,243;0,273;-11,001;1;0,036;0,0509;0,959;0,587;0,0399;103,039;331627
"USUM71707341";"Rut";"The Killers";0,636;0,518;-6,83;1;0,0305;0,0601;0,0036;0,0983;0,109;117,014;264480
"GBUM71704337";"Summer Of Love";"U2";0,728;0,419;-8,554;0;0,0314;0,101;0,00000478;0,0989;0,699;120,001;204067
"USUM71318530";"Snow In California";"Ariana Grande";0,647;0,544;-5,947;1;0,0446;0,256;0;0,346;0,472;134,922;206373
"GBAYE1601840";"Christmas Lights - Live from Spotify London";"Coldplay";0,295;0,496;-9,478;1;0,0327;0,207;0,0004;0,858;0,224;132,062;268521
"GBAYE0000267";"Yellow";"Coldplay";0,429;0,661;-7,227;1;0,0281;0,0024;0,0001;0,234;0,285;173,365;266773
"GBAYE0201683";"Clocks - Radio Edit";"Coldplay";0,605;0,72;-7,079;0;0,0279;0,586;0,0012;0,212;0,252;130,98;252600
"GBAYE0200771";"Clocks";"Coldplay";0,577;0,749;-7,215;0;0,0279;0,599;0,0112;0,183;0,261;130,969;307880
"USUM70605164";"When You Were Young";"The Killers";0,467;0,988;-3,313;1;0,112;0,0002;0,0484;0,28;0,321;130,435;220427
"GBAYE1101143";"Paradise";"Coldplay";0,449;0,585;-6,762;1;0,0268;0,0522;0,0001;0,0833;0,203;139,627;278719
"GBAYE1901065";"Arabesque";"Coldplay";0,4;0,835;-7,728;1;0,0549;0,0001;0,846;0,373;0,167;172,007;340280
"DEA621601593";"Nero";"Kollegah";0,681;0,63;-8,16;1;0,24;0,303;0;0,0418;0,595;76,991;192000
"DEA621601599";"Pharao";"Kollegah";0,547;0,667;-7,612;1;0,201;0,116;0;0,203;0,393;95,172;248373
"DEA621601589";"Kaiseraura";"Kollegah";0,622;0,77;-6,938;1;0,312;0,584;0;0,35;0,466;86,904;237227
"DEA621601591";"Aventador";"Kollegah";0,535;0,534;-6,195;1;0,429;0,564;0,00000265;0,17;0,217;181,893;228507
"DEA621601595";"24 Karat";"Kollegah";0,655;0,641;-8,784;0;0,275;0,292;0;0,107;0,589;88,951;219520
"DEQ321400391";"Erfolg ist kein Glück";"Kontra K";0,605;0,716;-6,277;1;0,332;0,382;0;0,104;0,804;79,911;210813
"DETX91500481";"Es geht ums Geschäft";"Capital Bra";0,492;0,92;-3,905;0;0,401;0,0764;0;0,14;0,359;122,613;156613
"DETX91500478";"Alle meine Jungs";"Capital Bra";0,573;0,82;-4,457;0;0,351;0,191;0;0,104;0,264;135,999;189320
"DETX91500477";"Intro";"Capital Bra";0,821;0,795;-4,64;0;0,231;0,49;0;0,294;0,532;128,056;150573
"DETX91500480";"Nix zu reden";"Capital Bra";0,59;0,832;-5,116;1;0,341;0,195;0;0,0923;0,317;91,658;165813
"DETX91500479";"Ich mach alles kaputt";"Capital Bra";0,838;0,872;-4,137;1;0,206;0,143;0,0001;0,056;0,414;119,953;227240
"DETX91500486";"Mama bitte wein nicht";"Capital Bra";0,586;0,865;-4,481;0;0,405;0,0433;0,0000014;0,102;0,359;163,975;191907
"DETX91500487";"Albtraum";"Capital Bra";0,683;0,681;-6,896;0;0,436;0,738;0;0,123;0,153;126,711;196413
"DELV41700057";"Diamanten";"Kontra K";0,468;0,834;-5,898;0;0,391;0,158;0;0,282;0,553;86,8;207355
"DEDG61700003";"Legacy";"Kollegah";0,556;0,822;-5,296;1;0,345;0,263;0;0,153;0,377;88,054;835493
"DELV41700058";"Mehr als ein Job";"Kontra K";0,542;0,819;-7,683;0;0,329;0,115;0;0,113;0,464;191,898;190529
"DELV41700056";"Ratten";"Kontra K";0,556;0,665;-6,847;0;0,108;0,0159;0,0005;0,131;0,238;146,002;256060
"DELV41700060";"2 Seelen";"Kontra K";0,729;0,707;-7,703;0;0,0625;0,354;0;0,169;0,291;120,002;216200
"DELV41700064";"Gute Nacht";"Kontra K";0,664;0,781;-9,058;0;0,114;0,551;0,00000163;0,157;0,537;129,97;227277
"DELV41700061";"Power";"Kontra K";0,701;0,707;-5,55;1;0,325;0,329;0;0,105;0,625;93,052;204011
"DELV41700063";"Einfach";"Kontra K";0,65;0,667;-5,461;0;0,351;0,155;0;0,0701;0,329;91,913;204846
"DELV41700066";"Wie du";"Kontra K";0,623;0,764;-8,429;1;0,3;0,111;0,00000232;0,387;0,423;119,905;248950
"DELV41700068";"Instinkt";"Kontra K";0,499;0,785;-6,201;1;0,171;0,169;0;0,384;0,562;150,036;205372
"DELV41700071";"Lass mal";"Kontra K";0,642;0,916;-6,546;0;0,163;0,403;0,00000382;0,213;0,517;140,024;195958
"DETX91500623";"Ja Braaa";"Capital Bra";0,693;0,823;-5,122;0;0,0779;0,153;0;0,104;0,466;79,946;108547
"DETX91500674";"Nur noch Gucci";"Capital Bra";0,737;0,73;-2,185;1;0,406;0,322;0;0,177;0,545;77,937;212508
"DETX91500671";"Wie alles begann";"Capital Bra";0,631;0,777;-5,669;0;0,323;0,216;0;0,284;0,453;92,929;188226
"DEDG61700058";"Rapflows, Cashflows";"Kollegah";0,704;0,778;-5,789;1;0,157;0,65;0,00000434;0,12;0,765;95,901;174387
"USWB10901893";"New Divide";"Linkin Park";0,493;0,808;-3,365;0;0,0362;0,0002;0;0,0983;0,38;117,971;268613
"DETX91500678";"Ghetto Massari";"Capital Bra";0,793;0,723;-6,221;0;0,422;0,29;0;0,0865;0,498;132,084;178153
"DETX91500675";"Wer hoch fliegt fällt tief";"Capital Bra";0,636;0,741;-5,942;0;0,609;0,346;0;0,11;0,395;185,853;165760
"DETX91500681";"BMW Alpina";"Capital Bra";0,777;0,727;-6,107;1;0,283;0,357;0;0,0777;0,614;150,103;192200
"DETX91500683";"Mademoiselle";"Capital Bra";0,834;0,657;-6,779;0;0,362;0,609;0;0,108;0,482;107,931;169693
"DETX91500670";"Intro";"Capital Bra";0,859;0,654;-7,584;1;0,312;0,254;0;0,0827;0,366;130,006;92933
"DELV41702630";"Soldaten 2.0";"Kontra K";0,637;0,661;-7,44;1;0,274;0,0202;0;0,369;0,362;91,051;184700
"DELV41702800";"Der Fahrkartenkontrolleur";"Kollegah";0,599;0,512;-12,157;1;0,433;0,182;0;0,309;0,788;101,831;58823
"USUG10400527";"Christmas (Baby Please Come Home)";"U2";0,297;0,812;-9,284;1;0,0544;0,0278;0,0015;0,435;0,524;140,188;139893
"DELV41800055";"Zwischen Himmel & Hölle";"Kontra K";0,703;0,815;-6,309;1;0,248;0,0811;0;0,131;0,55;96,957;225566
"DELV41800051";"Hunger";"Kontra K";0,734;0,872;-6,1;1;0,314;0,42;0;0,0457;0,778;96,919;205661
"DEWS21700045";"5 Songs in einer Nacht";"Capital Bra";0,877;0,903;-4,207;1;0,0575;0,0645;0,00000727;0,0776;0,248;97,997;147354
"DELV41800044";"Oder nicht";"Kontra K";0,615;0,803;-6,236;0;0,281;0,0358;0,00000198;0,113;0,65;92,979;211598
"DELV41800040";"Motten";"Kontra K";0,663;0,785;-7,281;1;0,281;0,295;0;0,149;0,348;100,1;202600
"DELV41800041";"Ganz ok";"Kontra K";0,563;0,8;-6,611;1;0,288;0,199;0;0,179;0,715;120,005;216573
"DELV41800042";"Himmel";"Kontra K";0,713;0,673;-8,296;0;0,448;0,606;0,0000043;0,166;0,663;80,117;213339
"DELV41800043";"Zu leicht";"Kontra K";0,623;0,823;-7,228;1;0,27;0,33;0;0,615;0,523;143,872;175638
"DELV41800046";"Was weißt du schon";"Kontra K";0,624;0,68;-7,852;0;0,412;0,259;0;0,0777;0,564;178,05;227102
"DELV41800054";"Ich hab dich";"Kontra K";0,726;0,714;-7,246;0;0,137;0,26;0;0,1;0,222;120,076;211594
"DELV41800056";"Ohne Dich";"Kontra K";0,701;0,64;-7,711;1;0,235;0,239;0;0,141;0,43;155,886;258662
"DELV41800057";"Besser geh";"Kontra K";0,515;0,641;-7,67;0;0,463;0,414;0;0,209;0,298;93,02;211965
"DELV41800205";"Jetzt oder niemals";"Kontra K";0,724;0,712;-7,725;1;0,288;0,0225;0;0,121;0,17;110,997;182285
"DEWS21700043";"Giselle Bündchen";"Capital Bra";0,695;0,666;-5,994;1;0,398;0,0702;0;0,104;0,475;131,923;204228
"DEWS21700048";"Ballert";"Capital Bra";0,856;0,667;-5,453;1;0,249;0,0348;0,00000111;0,146;0,524;140,013;172053
"DEWS21700049";"Baba Flow";"Capital Bra";0,815;0,69;-5,783;1;0,345;0,014;0;0,714;0,848;145,045;185579
"DEWS21700052";"Packen";"Capital Bra";0,922;0,604;-5,259;1;0,0783;0,0725;0;0,0812;0,151;140,982;234927
"DEWS21700053";"Glaub mir";"Capital Bra";0,717;0,685;-6,817;1;0,46;0,539;0,00000592;0,157;0,589;167,896;183196
"DEWS21700073";"Ja Bra 2";"Capital Bra";0,882;0,547;-5,844;1;0,194;0,196;0;0,321;0,343;119,987;133100
"DEWS21700075";"Was wollen die";"Capital Bra";0,809;0,849;-5,735;1;0,499;0,753;0;0,159;0,721;158,005;194747
"DEWS21700056";"Berlin lebt - Instrumental";"Capital Bra";0,593;0,543;-10,727;1;0,0489;0,0016;0,867;0,0967;0,293;157,035;183843
"DELV41801337";"Hoch";"Kontra K";0,638;0,58;-7,644;0;0,444;0,339;0;0,108;0,476;75,89;226746
"DEA621801483";"Wie ein Alpha";"Kollegah";0,412;0,689;-8,339;1;0,298;0,154;0;0,445;0,414;80,668;278478
"DEA621801518";"Dear Lord";"Kollegah";0,409;0,857;-4,279;0;0,329;0,0372;0;0,152;0,288;86,295;293445
"DEA621801635";"Empire State of Grind (Hoodtape 3)";"Kollegah";0,48;0,857;-4,421;0;0,351;0,147;0;0,17;0,665;170,279;155040
"DEA621801637";"Push it to the Limit (Hoodtape 3)";"Kollegah";0,529;0,864;-5,522;0;0,227;0,301;0;0,199;0,276;91,284;149907
"DEA621801608";"Löwe";"Kollegah";0,684;0,765;-4,803;1;0,32;0,166;0;0,392;0,691;80,178;330000
"DEFZ71800060";"Selbst verdient";"Capital Bra";0,609;0,859;-4,419;1;0,407;0,0333;0;0,16;0,565;183,726;151304
"DEFZ71800065";"Trikot von Turin";"Capital Bra";0,803;0,81;-4,47;1;0,185;0,0339;0;0,124;0,61;155,041;176716
"DEFZ71800066";"Gucci Capi Tief";"Capital Bra";0,896;0,619;-5,092;1;0,299;0,0729;0;0,625;0,545;136,044;202114
"DEFZ71800068";"Ya Salam";"Capital Bra";0,787;0,873;-4,442;1;0,149;0,0075;0;0,467;0,572;149,965;193233
"DEA621801624";"Most Wanted (Hoodtape 3)";"Kollegah";0,547;0,718;-7,241;1;0,194;0,195;0;0,327;0,268;87,961;140907
"DEA621801606";"Gospel";"Kollegah";0,778;0,776;-4,218;0;0,0747;0,197;0,00000102;0,113;0,189;119,03;167493
"DEFZ71800075";"Feuer";"Capital Bra";0,68;0,826;-3,93;0;0,0907;0,0881;0;0,0812;0,398;144,966;165717
"DEA621801601";"Orbit";"Kollegah";0,456;0,818;-5,215;1;0,25;0,0696;0;0,261;0,425;84,011;172440
"DEA621801603";"Royal";"Kollegah";0,439;0,692;-7,042;0;0,273;0,0695;0,0003;0,497;0,228;82,387;283277
"DEA621801602";"Blow Out";"Kollegah";0,629;0,836;-4,232;1;0,266;0,0413;0,00000582;0,105;0,431;89,956;181247
"DEA621801605";"Bossmove";"Kollegah";0,561;0,787;-6,052;0;0,337;0,054;0;0,156;0,463;79,265;194067
"DEA621801611";"Realtalk";"Kollegah";0,421;0,933;-3,52;1;0,327;0,262;0;0,352;0,649;83,897;214588
"DEA621801610";"Makiaveli";"Kollegah";0,45;0,828;-5,263;0;0,357;0,147;0;0,168;0,391;98,575;232187
"DEA621801616";"Monument (Outro)";"Kollegah";0,413;0,82;-5,573;0;0,341;0,0557;0,00000676;0,504;0,38;76,75;369493
"DEA621801609";"La Vida Koka";"Kollegah";0,56;0,734;-5,976;1;0,0635;0,0089;0,0001;0,17;0,191;76,042;183400
"DEA621801617";"Nightking (Hoodtape 3 Intro)";"Kollegah";0,467;0,677;-6,042;1;0,385;0,351;0;0,155;0,222;63,362;124240
"DEA621801614";"Cohiba Symphony";"Kollegah";0,374;0,6;-6,265;1;0,273;0,118;0,00000594;0,202;0,169;79,957;236519
"DEA621801618";"Frontale Faust (Hoodtape 3)";"Kollegah";0,567;0,712;-6,989;1;0,247;0,305;0,00000223;0,316;0,328;96,888;159800
"DEA621801615";"Da";"Kollegah";0,686;0,581;-6,128;1;0,166;0,105;0,00000173;0,14;0,213;95,898;178579
"DEA621801619";"Spastivater / Nuttenmum (Hoodtape 3)";"Kollegah";0,656;0,777;-6,383;0;0,215;0,457;0;0,423;0,688;90,131;174200
"DELV41801772";"Farben";"Kontra K";0,797;0,74;-6,512;0;0,226;0,105;0,00000636;0,0912;0,172;105,016;219757
"DELV41801775";"Warnung";"Kontra K";0,718;0,79;-4,861;0;0,129;0,0453;0;0,0739;0,605;151,072;194307
"DELV41801779";"Kampfgeist 4";"Kontra K";0,705;0,865;-5,324;0;0,357;0,0496;0;0,108;0,467;95,085;176954
"FR2X41905598";"FOYAA!";"Kollegah";0,45;0,759;-4,844;1;0,303;0,598;0,0001;0,396;0,553;179,434;186667
"DECE71900137";"Cabriolet";"Capital Bra";0,866;0,603;-6,771;0;0,355;0,425;0;0,0924;0,564;96,088;283225
"DECE71900141";"Steh auf";"Capital Bra";0,719;0,727;-4,983;0;0,272;0,239;0;0,379;0,586;104,218;150784
"DECE71900139";"Mexican Mafia";"Capital Bra";0,919;0,781;-4,67;1;0,322;0,195;0;0,0744;0,718;129,992;155749
"DECE71900140";"Leg";"Capital Bra";0,739;0,546;-7,438;0;0,39;0,174;0;0,0926;0,661;67,73;156015
"DECE71900145";"Schon ok";"Capital Bra";0,564;0,627;-6,131;0;0,385;0,171;0;0,157;0,426;75,07;159005
"DECE71900144";"Kalt";"Capital Bra";0,834;0,634;-7,214;0;0,105;0,272;0;0,0833;0,784;100,015;175922
"DECE71900146";"Sollte so sein";"Capital Bra";0,655;0,718;-5,851;1;0,0471;0,13;0;0,201;0,695;139,959;182275
"DECE71900143";"Schwarze Locken";"Capital Bra";0,59;0,788;-5,151;0;0,11;0,144;0;0,322;0,578;180,261;161350
"DECE71900147";"Blech";"Capital Bra";0,42;0,547;-8,09;0;0,0924;0,659;0;0,104;0,46;80,657;214238
"DECE71900148";"Für uns";"Capital Bra";0,628;0,654;-6,271;0;0,229;0,355;0;0,0872;0,645;94,974;184751
"DELV41801789";"Alles was sie will";"Kontra K";0,758;0,701;-4,829;1;0,2;0,0924;0;0,356;0,264;95,987;182781
"DELV41801774";"Weine nicht";"Kontra K";0,783;0,724;-7,365;0;0,149;0,216;0;0,112;0,152;116,005;207281
"DELV41801778";"Benzin";"Kontra K";0,683;0,782;-7,046;0;0,138;0,0475;0;0,121;0,429;134,049;204379
"DELV41801777";"Ihre Sprache";"Kontra K";0,603;0,704;-7,065;0;0,283;0,0085;0;0,0866;0,236;82,203;222744
"DELV41801784";"Immer weiter";"Kontra K";0,466;0,578;-8,67;0;0,317;0,288;0,00000667;0,111;0,335;77,19;190745
"DELV41801783";"Schicksal";"Kontra K";0,726;0,607;-7,404;0;0,363;0,15;0,00000266;0,1;0,467;126,342;194902
"DELV41801786";"Alles weg";"Kontra K";0,716;0,743;-5,696;1;0,358;0,0615;0;0,511;0,42;84,046;180199
"DELV41801792";"Niemals vergessen";"Kontra K";0,763;0,729;-7,269;0;0,265;0,222;0;0,1;0,666;137,975;195069
"DEWT11900016";"Alphagenetik";"Kollegah";0,461;0,816;-4,117;1;0,221;0,202;0;0,135;0,654;89,806;221961
"GBAYE1500980";"Everglow";"Coldplay";0,535;0,445;-9,155;1;0,0292;0,456;0,0677;0,112;0,136;146,099;282693
"USWB11401083";"Final Masquerade";"Linkin Park";0,466;0,852;-4,487;1;0,0585;0,0077;0,0000026;0,0989;0,428;164,032;217613
"USWB10701216";"No More Sorrow";"Linkin Park";0,343;0,938;-4,205;1;0,0679;0,0033;0,00000995;0,203;0,387;132,635;221693
"GBAYE1702851";"Hypnotised - EP Mix";"Coldplay";0,495;0,639;-6,591;1;0,0357;0,399;0,852;0,099;0,0783;120,047;391414
"GBAYE1500977";"A Head Full of Dreams";"Coldplay";0,45;0,92;-4,982;1;0,0733;0,002;0,0201;0,334;0,0773;122,979;223773
"GBAYE1500987";"Up&Up";"Coldplay";0,48;0,718;-5,461;1;0,0603;0,0485;0,0003;0,102;0,252;163,987;405320
"USUM71706941";"watch";"Billie Eilish";0,447;0,598;-9,105;1;0,211;0,308;0,0039;0,108;0,35;165,163;177523
"GBAYE1500978";"Birds";"Coldplay";0,559;0,841;-5,584;1;0,0334;0,0003;0,45;0,0816;0,15;105,009;229093
"GBAYE1400206";"Magic";"Coldplay";0,738;0,483;-8,915;0;0,0403;0,0262;0,616;0,106;0,355;93,458;285014
"GBUM70709783";"I Still Haven't Found What I'm Looking For";"U2";0,565;0,786;-9,377;1;0,0371;0,0181;0,0023;0,0829;0,627;100,861;277477
"GBUM71704340";"Love Is Bigger Than Anything In Its Way";"U2";0,486;0,624;-8,919;1;0,0266;0,062;0,0003;0,0775;0,131;88,959;240600
"USUM71920590";"How I Look On You";"Ariana Grande";0,407;0,52;-7,331;0;0,201;0,2;0,0002;0,0878;0,412;169,777;174427
"USCM51500241";"Back To Back";"Drake";0,893;0,48;-3,728;0;0,356;0,0085;0;0,116;0,382;86,976;170638
"USCM51800005";"God's Plan";"Drake";0,758;0,451;-9,454;1;0,104;0,0273;0,0001;0,566;0,353;77,175;198960
"USCM51300064";"Started From the Bottom";"Drake";0,794;0,522;-7,829;1;0,159;0,0328;0;0,156;0,567;86,318;174133
"USRW30200001";"All My Life";"Foo Fighters";0,58;0,604;-5,703;1;0,047;0,0002;0,0006;0,477;0,645;167,784;263440
"USUM71602106";"Moonlight";"Ariana Grande";0,368;0,402;-7,474;1;0,0398;0,416;0,00000266;0,0498;0,194;204,045;202360
"USUM71602108";"Greedy";"Ariana Grande";0,631;0,707;-5,273;1;0,0893;0,0392;0;0,104;0,876;109,983;214907
"USUM70605406";"Read My Mind";"The Killers";0,543;0,917;-3,391;1;0,0444;0,0057;0,0001;0,104;0,329;132,246;246840
"USIR20400269";"All These Things That I've Done";"The Killers";0,557;0,728;-6,181;1;0,0405;0,0016;0,00000513;0,118;0,216;118,241;301573
"USIR20400275";"Smile Like You Mean It";"The Killers";0,362;0,979;-2,581;0;0,161;0,0004;0,0151;0,231;0,383;125,087;234107
"USUM70842814";"Spaceman";"The Killers";0,526;0,924;-4,073;1;0,0536;0,0024;0,0012;0,129;0,802;152,034;284547
"USUM71311841";"Shot At The Night";"The Killers";0,512;0,801;-4,845;1;0,0549;0,101;0,0166;0,107;0,255;185,99;242507
"USUM71208809";"The Way It Was";"The Killers";0,661;0,8;-4,998;0;0,0246;0,0104;0;0,0738;0,51;105,993;231160
"USUM71206893";"Runaways";"The Killers";0,414;0,837;-4,043;1;0,0407;0,0011;0,0069;0,0855;0,199;121,749;243787
"USUM70605413";"For Reasons Unknown";"The Killers";0,504;0,884;-4,214;1;0,0366;0,0005;0,0399;0,108;0,516;140,398;212267
"USUM71208806";"Miss Atomic Bomb";"The Killers";0,56;0,733;-7,094;1;0,0317;0,0273;0;0,253;0,331;132,956;293507
"USIR20400268";"Jenny Was A Friend Of Mine";"The Killers";0,545;0,974;-3,914;1;0,0469;0,0001;0,0012;0,306;0,506;114,064;243933
"USRW31100002";"Walk";"Foo Fighters";0,231;0,866;-5,131;1;0,0517;0;0,0006;0,29;0,191;138,311;255960
"USRW29600007";"My Hero";"Foo Fighters";0,374;0,927;-4,212;1;0,0652;0,0001;0,0002;0,0575;0,301;154,047;260027
"USRW30200005";"Times Like These";"Foo Fighters";0,377;0,908;-3,793;0;0,0899;0;0;0,241;0,265;144,563;265560
"USRW31100008";"These Days";"Foo Fighters";0,532;0,664;-4,428;1;0,0304;0,0003;0;0,205;0,215;135,306;298267
"USRW29600001";"Monkey Wrench";"Foo Fighters";0,399;0,953;-4,276;1;0,0752;0;0;0,149;0,555;174,216;231480
"USRC10900528";"Wheels";"Foo Fighters";0,426;0,792;-4,709;1;0,0374;0,0005;0,0000051;0,142;0,557;161,994;278213
"USRW29500002";"Big Me";"Foo Fighters";0,579;0,708;-10,419;1;0,0374;0,442;0;0,11;0,846;130,97;132840
"USRW29500014";"This Is a Call";"Foo Fighters";0,261;0,964;-6,654;1;0,0638;0,0014;0;0,183;0,326;162,902;233360
"USRW39900004";"Breakout";"Foo Fighters";0,421;0,938;-4,212;0;0,0522;0,0001;0,0029;0,124;0,427;156,794;200800
"USWB11200791";"LOST IN THE ECHO";"Linkin Park";0,546;0,98;-3,02;0;0,0619;0,0154;0;0,31;0,478;120,037;205120
"USWB10300469";"Figure.09";"Linkin Park";0,518;0,951;-3,198;1;0,0529;0,0092;0;0,148;0,537;98,068;197507
"USWB10003251";"High Voltage";"Linkin Park";0,593;0,967;-4,26;0;0,182;0,105;0,00000277;0,314;0,287;93,916;225107
"USWB10300466";"Hit the Floor";"Linkin Park";0,74;0,959;-3,692;1;0,193;0,0629;0;0,0444;0,878;150,007;164213
"USWB11001782";"The Catalyst";"Linkin Park";0,56;0,925;-5,48;1;0,0362;0,0372;0;0,104;0,178;135,009;339853
"USWB10300467";"Easier to Run";"Linkin Park";0,545;0,861;-4,819;0;0,034;0,0624;0;0,131;0,279;105,017;204173
"USWB11401014";"Until It's Gone";"Linkin Park";0,47;0,878;-3,391;0;0,0429;0,0172;0,054;0,235;0,322;114,986;233240
"USWB11001855";"Iridescent";"Linkin Park";0,484;0,727;-6,107;1;0,0358;0,198;0,002;0,107;0,216;120,066;296560
"USWB11401015";"Wastelands";"Linkin Park";0,44;0,993;-3,481;0;0,184;0,0104;0;0,964;0,614;169,77;195893
"USWB10300472";"Nobody's Listening";"Linkin Park";0,502;0,831;-3,723;1;0,295;0,105;0,0000013;0,174;0,451;199,972;178867
"USWB11200801";"POWERLESS";"Linkin Park";0,508;0,88;-6,441;0;0,0448;0,0621;0,0001;0,15;0,337;140,065;224467
"GBUM71704330";"Love Is All We Have Left";"U2";0,318;0,3;-14,87;1;0,0348;0,726;0,0009;0,13;0,0742;101,976;161200
"GBUM71704335";"Get Out Of Your Own Way";"U2";0,565;0,768;-9,637;1;0,0527;0,0257;0;0,565;0,426;130,043;238293
"GBUM71704333";"Lights Of Home";"U2";0,614;0,7;-7,119;0;0,0329;0,0748;0;0,169;0,458;145,942;256893
"GBUM71704336";"American Soul";"U2";0,58;0,809;-7,763;0;0,0547;0,0357;0;0,312;0,418;130,021;261733
"GBUM71704338";"Red Flag Day";"U2";0,633;0,736;-6,846;1;0,0355;0,0124;0;0,0382;0,632;150,042;199707
"GBUM71704339";"The Showman (Little More Better)";"U2";0,662;0,738;-8,201;1;0,0354;0,0286;0;0,296;0,857;132,045;203787
"GBUM71704332";"The Blackout";"U2";0,625;0,53;-9,124;0;0,035;0,0399;0,0034;0,0877;0,256;120,045;285933
"USUM71519303";"Winter Things";"Ariana Grande";0,524;0,216;-10,2;1;0,0863;0,925;0;0,234;0,784;73,853;158720
"USUM71821044";"Land Of The Free";"The Killers";0,368;0,575;-5,1;1;0,0443;0,566;0;0,116;0,294;197,639;242960
"USUM71707346";"Some Kind Of Love";"The Killers";0,362;0,489;-9,929;1;0,0379;0,703;0,219;0,102;0,0769;141,743;278107
"USCM51600067";"Feel No Ways";"Drake";0,588;0,674;-7,083;1;0,171;0,0319;0,00000755;0,122;0,198;193,893;240653
"USCM51500012";"Energy";"Drake";0,748;0,571;-7,916;1;0,478;0,38;0;0,534;0,553;172,105;181933
"USCM51600063";"9";"Drake";0,689;0,712;-7,184;1;0,0451;0,0008;0,0006;0,237;0,0379;100,004;255787
"GBAAN0000196";"Beautiful Day";"U2";0,536;0,928;-6,492;0;0,0589;0,0154;0,0013;0,2;0,389;136,258;248400
"USCJY1431339";"All You Had To Do Was Stay";"Taylor Swift";0,602;0,735;-5,778;1;0,0337;0,002;0;0,105;0,472;96,969;193293
"GBAYE1101193";"Every Teardrop Is a Waterfall";"Coldplay";0,425;0,733;-6,883;1;0,0396;0,0019;0,0092;0,171;0,313;117,985;240796
"GBAYE1101180";"Charlie Brown";"Coldplay";0,43;0,738;-7,076;1;0,0375;0,0212;0,0016;0,33;0,0944;137,986;285160
"GBUM70709791";"Where The Streets Have No Name";"U2";0,499;0,722;-9,496;1;0,0378;0,0085;0,0083;0,16;0,277;125,811;337506
"GBUM70709772";"Bullet The Blue Sky";"U2";0,352;0,657;-10,241;1;0,0563;0,0055;0,409;0,135;0,418;152,477;271547
"GBUM70709789";"Running To Stand Still";"U2";0,501;0,19;-18,588;1;0,0293;0,867;0,0137;0,334;0,202;94,558;257366
"GBUM70709787";"Red Hill Mining Town";"U2";0,36;0,671;-9,007;1;0,0336;0,147;0,0054;0,236;0,418;69,218;292846
"GBUM70709784";"In God's Country";"U2";0,496;0,709;-8,081;1;0,032;0,0092;0,0001;0,799;0,659;125,937;176597
"GBUM70709786";"One Tree Hill";"U2";0,6;0,589;-10,477;1;0,037;0,256;0,073;0,151;0,255;123,213;322169
"GBUM70709790";"Trip Through Your Wires";"U2";0,44;0,701;-7,671;1;0,0338;0,0016;0,006;0,066;0,515;110,867;211813
"GBUM71106457";"One";"U2";0,511;0,536;-8,661;1;0,0302;0,256;0,0026;0,122;0,357;90,358;276187
"GBUM70713138";"Sunday Bloody Sunday - Remastered 2008";"U2";0,543;0,944;-7,495;1;0,0543;0,402;0,0006;0,0373;0,735;101,174;279440
"GBUM71704331";"The Little Things That Give You Away";"U2";0,52;0,443;-10,646;1;0,0359;0,0876;0;0,0723;0,359;137,928;295427
"GBUM71704334";"Landlady";"U2";0,611;0,497;-11,329;1;0,0454;0,508;0,00000393;0,132;0,33;149,957;241400
"USWB11702181";"Crawling - One More Light Live";"Linkin Park";0,289;0,303;-12,032;1;0,0382;0,832;0;0,866;0,208;146,651;209493
"USWB11702090";"One More Light - Steve Aoki Chester Forever Remix";"Linkin Park";0,439;0,688;-4,574;1;0,0529;0,0071;0;0,109;0,117;179,984;250667
"USCJY1003657";"Back To December";"Taylor Swift";0,529;0,67;-4,663;1;0,0303;0,117;0;0,334;0,286;141,893;293027
"USWB10201670";"Pts.Of.Athrty - Jay Gordon Reanimation";"Linkin Park";0,506;0,976;-5,066;0;0,155;0,0018;0,002;0,338;0,267;95,16;225520
"USWB11401084";"A Line in the Sand";"Linkin Park";0,291;0,922;-4,968;1;0,0885;0,037;0,0198;0,101;0,0404;99,706;395067
"USWB11000224";"Not Alone";"Linkin Park";0,682;0,766;-5,546;1;0,0313;0,149;0,00000338;0,144;0,545;120,04;252840
"GBCAD1700843";"Have Yourself a Merry Little Christmas - Jo Whiley, BBC Radio 1 Session";"Coldplay";0,421;0,0824;-13,458;1;0,0417;0,974;0;0,111;0,0597;97,585;139209
"GBAYE1601668";"Everglow";"Coldplay";0,385;0,259;-8,963;1;0,041;0,969;0,0121;0,116;0,312;77,467;301800
"GBAYE1601836";"Everglow - Live from Spotify London";"Coldplay";0,536;0,486;-9,431;0;0,037;0,304;0,0005;0,945;0,125;72,727;255853
"GBAYE1601837";"Viva La Vida - Live from Spotify London";"Coldplay";0,433;0,922;-6,8;1;0,12;0,123;0,0000048;0,93;0,5;138,203;234027
"GBAYE1401358";"A Sky Full of Stars - Live at the Royal Albert Hall, London";"Coldplay";0,467;0,765;-7,846;1;0,0311;0,0042;0,0001;0,708;0,186;125,013;278267
"GBAYE1601839";"Yellow - Live from Spotify London";"Coldplay";0,223;0,439;-10,456;1;0,0312;0,447;0,0141;0,926;0,119;165,899;252467
"GBAYE0200606";"In My Place";"Coldplay";0,425;0,587;-5,453;1;0,0278;0,0565;0,00000516;0,298;0,194;144,642;226680
"GBAYE1400202";"Midnight";"Coldplay";0,548;0,475;-12,42;1;0,0355;0,615;0,808;0,0944;0,0349;126,976;294667
"GBAYE1400213";"Ink";"Coldplay";0,688;0,706;-7,31;1;0,0324;0,0661;0,125;0,118;0,689;112,019;228373
"GBAYE1400212";"Always in My Head";"Coldplay";0,499;0,502;-9,307;1;0,0254;0,0128;0,687;0,068;0,0397;97,544;216627
"USCJY0803333";"Fifteen";"Taylor Swift";0,556;0,651;-4,396;1;0,0266;0,067;0;0,145;0,203;95,485;294333
"USCJY1231020";"Red";"Taylor Swift";0,602;0,896;-4,267;0;0,0437;0,0773;0,0001;0,091;0,641;124,978;220827
"GBAYE0302816";"2000 Miles";"Coldplay";0,47;0,32;-10,538;1;0,0312;0,929;0,249;0,11;0,351;117,512;195717
"GBAYE1101181";"Us Against the World";"Coldplay";0,511;0,304;-11,096;1;0,0279;0,845;0;0,0741;0,195;112,379;239767
"GBAYE1500985";"Amazing Day";"Coldplay";0,45;0,638;-5,795;1;0,0273;0,0172;0,432;0,141;0,292;96,988;271107
"GBAYE1500982";"Fun (feat. Tove Lo)";"Coldplay";0,484;0,735;-5,125;1;0,0354;0,271;0,00000749;0,0853;0,217;134,028;267533
"GBAYE1500984";"Army of One";"Coldplay";0,387;0,66;-6,491;1;0,0434;0,274;0,0001;0,0861;0,289;146,04;376827
"GBAYE1500983";"Kaleidoscope";"Coldplay";0,288;0,285;-18,192;0;0,0355;0,964;0,898;0,406;0,148;127,122;111853
"GBAYE1601838";"Adventure of a Lifetime - Live from Spotify London";"Coldplay";0,515;0,851;-8,174;0;0,0689;0,0644;0,0001;0,919;0,588;115,665;258613
"GBAYE0000560";"Trouble";"Coldplay";0,561;0,547;-7,496;0;0,0321;0,189;0,0016;0,17;0,19;139,755;273427
"GBAYE1500986";"Colour Spectrum";"Coldplay";0,348;0,166;-20,349;1;0,0377;0,852;0,915;0,137;0,0336;123,576;60107
"GBAYE0500602";"Speed of Sound";"Coldplay";0,523;0,898;-6,765;0;0,0567;0,0049;0,0345;0,0746;0,355;123,085;287907
"GBAYE0800269";"Violet Hill";"Coldplay";0,345;0,581;-7,875;0;0,0369;0,0603;0,0013;0,115;0,108;76,022;222653
"GBAYE0000046";"Shiver";"Coldplay";0,397;0,803;-6,186;1;0,0488;0,0334;0;0,0688;0,286;116,707;304200
"GBAYE0200775";"God Put a Smile upon Your Face";"Coldplay";0,612;0,557;-5,757;1;0,0289;0,175;0,0001;0,0359;0,242;126,533;297307
"GBAYE0500608";"A Message";"Coldplay";0,567;0,459;-9,488;1;0,0289;0,327;0,0003;0,202;0,151;116,92;285345
"USWB11702180";"One More Light - One More Light Live";"Linkin Park";0,254;0,298;-12,873;1;0,0334;0,644;0;0,985;0,0883;168,253;259387
"GBAYE0200770";"Politik";"Coldplay";0,263;0,481;-7,753;0;0,0293;0,0364;0,0002;0,11;0,0675;170,967;318627
"GBAYE9901817";"High Speed";"Coldplay";0,493;0,525;-9,342;0;0,0301;0,396;0,0074;0,0961;0,248;154,448;256467
"GBAYE9901818";"See You Soon";"Coldplay";0,369;0,295;-12,779;1;0,0351;0,657;0;0,107;0,211;92,226;171373
"GBAYE0200777";"A Whisper";"Coldplay";0,277;0,797;-5,66;1;0,0385;0,588;0,341;0,221;0,259;177,009;238333
"GBAYE0000566";"Don't Panic";"Coldplay";0,602;0,612;-8,409;1;0,0335;0,206;0,0062;0,107;0,453;122,062;136867
"GBUM71700908";"I Still Haven’t Found What I’m Looking For - Live / Choir Version";"U2";0,374;0,658;-9,069;1;0,0419;0,569;0,00000264;0,743;0,342;104,638;353563
"USUM71705760";"Somewhere Over The Rainbow - Live From Manchester";"Ariana Grande";0,333;0,328;-9,39;1;0,0346;0,716;0;0,3;0,0743;121,109;272027
"TCACP1646299";"Six Feet Under";"Billie Eilish";0,576;0,307;-12,732;0;0,0428;0,807;0,0004;0,0792;0,157;67,513;189613
"USUM71922577";"everything i wanted";"Billie Eilish";0,704;0,225;-14,454;0;0,0994;0,902;0,657;0,106;0,243;120,006;245426
"GBUM71906219";"Beautiful Ghosts - From The Motion Picture Soundtrack ""Cats""";"Taylor Swift";0,368;0,238;-8,976;1;0,0599;0,85;0;0,0974;0,239;187,05;261061
"GBAYE1901073";"Champion Of The World";"Coldplay";0,503;0,596;-7,094;1;0,0263;0,0028;0,0112;0,109;0,167;108,897;257547
"GBAYE1901060";"Church";"Coldplay";0,448;0,736;-6,98;0;0,0366;0,0086;0,145;0,147;0,133;123,956;230013
"GBAYE1901059";"Sunrise";"Coldplay";0,161;0,216;-12,302;1;0,0389;0,939;0,54;0,0773;0,034;83,857;151093
"GBAYE1901063";"Daddy";"Coldplay";0,636;0,18;-19,54;1;0,0338;0,931;0,801;0,513;0,202;116,945;298320
"GBAYE1901061";"Trouble In Town";"Coldplay";0,374;0,316;-11,456;1;0,0318;0,426;0,651;0,111;0,326;95,103;278907
"GBAYE1901062";"BrokEn";"Coldplay";0,55;0,271;-11,836;1;0,0495;0,923;0;0,147;0,521;130,155;150200
"GBAYE1901066";"When I Need A Friend";"Coldplay";0,224;0,28;-18,225;1;0,049;0,921;0,36;0,135;0,447;87,871;155000
"GBAYE1901064";"WOTW / POTP";"Coldplay";0,692;0,294;-15,483;1;0,248;0,935;0,929;0,116;0,802;133,686;76933
"DECE71900865";"Der Bratan bleibt der gleiche";"Capital Bra";0,612;0,704;-4,147;0;0,372;0,126;0;0,569;0,672;96,015;192147
"DEWT11900010";"Valhalla";"Kollegah";0,713;0,873;-6,646;1;0,332;0,187;0;0,347;0,7;135,551;201707
"USUG11904285";"Christmas Tree Farm";"Taylor Swift";0,598;0,68;-4,505;1;0,0331;0,06;0;0,324;0,437;134,002;228027
"DEWT11900008";"Maybachemblem (Intro)";"Kollegah";0,579;0,855;-4,661;0;0,48;0,349;0;0,137;0,719;89,45;170467
"DEWT11900009";"Der Boss is Back";"Kollegah";0,574;0,83;-3,972;0;0,299;0,284;0;0,127;0,728;112,873;182827
"DEWT11900011";"Veni Vidi Validus";"Kollegah";0,486;0,922;-4,514;1;0,216;0,285;0;0,106;0,836;100,092;194400
"DEWT11900012";"Sakrileg";"Kollegah";0,583;0,89;-4,44;0;0,368;0,0997;0;0,128;0,363;91,148;186307
"DEWT11900014";"Von Star zu Dealer";"Kollegah";0,646;0,769;-6,087;0;0,26;0,0904;0;0,114;0,6;82,89;210040
"DEWT11900023";"Infinitum";"Kollegah";0,608;0,652;-6,338;0;0,17;0,293;0;0,0985;0,587;95,144;182560
"DEWT11900015";"Stonehenge";"Kollegah";0,684;0,79;-4,979;1;0,34;0,0443;0;0,0869;0,689;152,006;189573
"DEWT11900018";"Eden";"Kollegah";0,47;0,867;-6,419;1;0,442;0,133;0;0,106;0,696;93,877;256853
"DEWT11900021";"Trinität";"Kollegah";0,721;0,709;-7,031;0;0,248;0,079;0;0,148;0,689;139,982;195707
"DEWT11900026";"Renaissance (Outro)";"Kollegah";0,417;0,755;-4,614;0;0,0945;0,145;0;0,283;0,399;83,022;340160
"DEWT11900013";"MOIS (Skit)";"Kollegah";0,603;0,671;-10,788;0;0,764;0,45;0;0,508;0,786;44,92;124722
"DEWT11900020";"Kammerjäger Interlude";"Kollegah";0,498;0,751;-7,74;0;0,419;0,318;0;0,0899;0,5;77,049;110227
"DEWT11900019";"Spiegel";"Kollegah";0,699;0,653;-6,917;0;0,31;0,159;0;0,114;0,738;84,909;172240
"DEWT11900024";"Lauf";"Kollegah";0,55;0,756;-6,999;1;0,335;0,36;0;0,343;0,286;87,864;196360
"DEWT11900025";"Odin";"Kollegah";0,755;0,675;-7,651;1;0,36;0,357;0;0,0853;0,539;150,085;232947
"USUG11904286";"Only The Young - Featured in Miss Americana";"Taylor Swift";0,56;0,78;-4,895;0;0,0517;0,0024;0;0,0714;0,602;93,516;157507
"USUM72002771";"No Time To Die";"Billie Eilish";0,38;0,219;-13,273;0;0,0358;0,917;0,0104;0,0827;0,0517;73,537;242265
"DELV42000268";"Puste sie weg";"Kontra K";0,82;0,693;-6,808;1;0,0996;0,0708;0,0366;0,0906;0,575;92,456;191103
"USUM72005121";"Caution - Radio Edit";"The Killers";0,278;0,931;-3,719;1;0,121;0,0052;0,00000578;0,144;0,167;178,346;228040
"USUG12001281";"Toosie Slide";"Drake";0,83;0,49;-8,82;0;0,209;0,289;0,00000304;0,113;0,845;81,604;247059
"USUG12001723";"Deep Pockets";"Drake";0,473;0,824;-3,68;0;0,163;0,482;0;0,605;0,374;77,888;222929
"USUG12001405";"When To Say When";"Drake";0,41;0,82;-6,808;1;0,533;0,252;0;0,538;0,526;170,718;223124
"USUG12001728";"Time Flies";"Drake";0,864;0,477;-5,786;1;0,224;0,201;0;0,182;0,5;86,46;192932
"USUG12001730";"Landed";"Drake";0,881;0,636;-4,629;1;0,287;0,0061;0;0,111;0,715;163,949;152195
"USUG12001736";"Losses";"Drake";0,551;0,57;-7,385;0;0,351;0,28;0;0,424;0,505;85,687;271184
"USUG12001409";"War";"Drake";0,749;0,792;-4,151;0;0,0826;0,292;0;0,109;0,239;144,064;180000
"USUG12001738";"From Florida With Love";"Drake";0,787;0,477;-7,837;0;0,199;0,768;0;0,104;0,476;80,506;234783
"DELV42000274";"Namen";"Kontra K";0,723;0,559;-8,098;1;0,164;0,194;0;0,122;0,505;154,956;198467
"DECE72000381";"Komm Komm";"Capital Bra";0,485;0,793;-3,836;1;0,426;0,251;0;0,146;0,371;87,629;160667
"USUG11904294";"Cornelia Street - Live From Paris";"Taylor Swift";0,502;0,462;-7,526;1;0,0265;0,578;0;0,721;0,304;97,085;296013
"DELV42000269";"Sonne";"Kontra K";0,694;0,696;-7,694;0;0,0794;0,112;0;0,122;0,237;101,259;164360
"USUG12002836";"cardigan";"Taylor Swift";0,613;0,581;-8,588;0;0,0424;0,537;0,0003;0,25;0,551;130,033;239560
"USUG12002835";"the 1";"Taylor Swift";0,777;0,357;-6,942;1;0,0522;0,757;0,00000728;0,108;0,172;139,883;210252
"USUG12002837";"the last great american dynasty";"Taylor Swift";0,686;0,662;-8,505;1;0,0413;0,467;0,0023;0,109;0,706;147,922;230999
"USUG12002839";"my tears ricochet";"Taylor Swift";0,456;0,263;-10,63;1;0,0332;0,806;0;0,0749;0,111;129,86;255894
"USUG12002840";"mirrorball";"Taylor Swift";0,553;0,413;-10,037;1;0,0334;0,687;0,00000233;0,0594;0,379;110,107;208978
"USUG12002842";"august";"Taylor Swift";0,532;0,623;-9,208;1;0,0331;0,538;0,0001;0,0925;0,403;89,937;261923
"USUG12002841";"seven";"Taylor Swift";0,596;0,488;-10,769;1;0,0274;0,9;0;0,091;0,415;94,926;208907
"USUG12002843";"this is me trying";"Taylor Swift";0,515;0,476;-9,843;1;0,0328;0,314;0;0,171;0,412;135,886;195097
"USUG12002844";"illicit affairs";"Taylor Swift";0,559;0,31;-10,445;1;0,0338;0,881;0;0,106;0,46;119,845;190898
"USUG12002845";"invisible string";"Taylor Swift";0,653;0,452;-11,143;0;0,055;0,838;0,0001;0,108;0,45;83,433;252881
"USUG12002846";"mad woman";"Taylor Swift";0,592;0,699;-8,995;1;0,0471;0,655;0;0,114;0,506;141,916;237258
"USUG12002848";"betty";"Taylor Swift";0,593;0,377;-8,761;1;0,0253;0,6;0;0,0976;0,502;95,939;294521
"USUG12002847";"epiphany";"Taylor Swift";0,354;0,267;-13,69;1;0,0281;0,731;0,0004;0,0858;0,113;94,219;289749
"USUG12002849";"peace";"Taylor Swift";0,647;0,272;-12,906;1;0,0916;0,918;0;0,0918;0,339;150,044;234000
"USUG12002850";"hoax";"Taylor Swift";0,662;0,181;-15,065;1;0,0415;0,966;0,00000386;0,133;0,429;118,819;220043
"USUM72013019";"my future";"Billie Eilish";0,444;0,309;-10,956;1;0,062;0,795;0,132;0,352;0,0875;104,745;208155
"USWB12002245";"She Couldn't";"Linkin Park";0,664;0,734;-5,848;1;0,0462;0,0614;0,725;0,126;0,864;97,997;305847
"USUG12002851";"the lakes (bonus track)";"Taylor Swift";0,509;0,262;-11,531;1;0,0311;0,85;0,00000168;0,0851;0,287;89,846;211798
"USUM72005113";"Blowback";"The Killers";0,549;0,68;-5,884;1;0,0474;0,0115;0,0019;0,0968;0,378;118,01;239600
"USUM72005112";"My Own Soul’s Warning";"The Killers";0,355;0,963;-3,482;1;0,132;0,0013;0,0025;0,0859;0,0923;152,05;274453
"USUM72005114";"Dying Breed";"The Killers";0,656;0,78;-4,743;1;0,0854;0,0011;0,02;0,151;0,607;151,401;246000
"USUM72005111";"Caution";"The Killers";0,234;0,894;-4,841;1;0,119;0,0155;0;0,0869;0,0772;178,246;269533
"DECE72003443";"Berlin lebt immer noch";"Capital Bra";0,544;0,537;-8,911;0;0,519;0,0865;0;0,467;0,25;88,001;184007
"DECE72000998";"Einsam an der Spitze";"Capital Bra";0,738;0,706;-4,839;0;0,298;0,262;0;0,161;0,541;80,092;171147
"DELV42000271";"Freunde";"Kontra K";0,499;0,654;-6,587;1;0,345;0,008;0;0,244;0,113;173,617;178616
"DECE72000984";"Makarov Komplex II";"Capital Bra";0,655;0,792;-3,582;1;0,354;0,147;0;0,288;0,62;169,859;154427
"DECE72000988";"Zeit vergeht";"Capital Bra";0,616;0,723;-5,574;0;0,299;0,299;0;0,0901;0,621;159,692;182840
"DECE72000986";"Papas Passat";"Capital Bra";0,714;0,595;-6,05;1;0,23;0,687;0,0173;0,121;0,494;92,849;155520
"DECE72000995";"High Five";"Capital Bra";0,697;0,625;-7,65;0;0,0822;0,386;0,0001;0,136;0,576;99,834;149040
"DECE72000996";"Was hast du mit mir gemacht";"Capital Bra";0,529;0,564;-6,722;1;0,326;0,531;0;0,12;0,385;80,556;174147
"DECE72000997";"1A";"Capital Bra";0,694;0,696;-5,457;0;0,208;0,281;0,0001;0,189;0,55;97,938;152547
"DELV42000265";"Du willst es";"Kontra K";0,749;0,729;-6,527;0;0,225;0,153;0,00000121;0,0782;0,416;151,957;215137
"DELV42000267";"Gangster & Gentlemen";"Kontra K";0,789;0,748;-5,82;1;0,243;0,0371;0,00000275;0,0936;0,469;169,927;160830
"DELV42000273";"Wie gemacht dafür";"Kontra K";0,83;0,644;-7,535;1;0,209;0,1;0,0031;0,111;0,341;143,936;173708
"DELV42000275";"Auf der Klinge";"Kontra K";0,779;0,601;-7,046;1;0,211;0,0864;0;0,244;0,348;77;167466
"DELV42000277";"Karma 2.0";"Kontra K";0,78;0,653;-6,761;0;0,293;0,158;0;0,112;0,381;146,027;198986
"DELV42000284";"Lass mich lieber allein";"Kontra K";0,784;0,647;-8,26;1;0,137;0,0728;0;0,101;0,258;100,034;192371
"DELV42000283";"Der Mond und ich";"Kontra K";0,789;0,717;-5,849;1;0,16;0,126;0;0,0784;0,447;139,915;183249
"USWB12002215";"In the End (Demo) - LPU Rarities";"Linkin Park";0,605;0,933;-4,202;0;0,0967;0,0157;0;0,181;0,311;104,986;228540
"USUM72019412";"positions";"Ariana Grande";0,736;0,802;-4,759;1;0,0864;0,468;0;0,094;0,675;144,005;172325
"USUM72020423";"34+35";"Ariana Grande";0,83;0,585;-6,476;1;0,094;0,237;0;0,248;0,485;109,978;173711
"USUM72020421";"shut up";"Ariana Grande";0,499;0,462;-5,308;1;0,0312;0,801;0;0,0946;0,599;127,698;157710
"USUM72020427";"just like magic";"Ariana Grande";0,719;0,607;-5,156;1;0,165;0,08;0;0,125;0,464;128,006;149900
"USUM72020434";"nasty";"Ariana Grande";0,772;0,506;-6,558;0;0,139;0,0814;0;0,182;0,456;127,894;200733
"USUM72020430";"six thirty";"Ariana Grande";0,739;0,516;-7,154;1;0,0539;0,67;0;0,151;0,434;120,109;183874
"USUM72020441";"pov";"Ariana Grande";0,474;0,533;-5,648;0;0,0559;0,36;0;0,101;0,165;131,762;201882
"USUM72020433";"my hair";"Ariana Grande";0,686;0,526;-6,842;1;0,0374;0,0815;0,00000775;0,144;0,372;92,013;158436
"USUM72020436";"west side";"Ariana Grande";0,688;0,455;-8,632;0;0,199;0,186;0;0,0794;0,557;87,865;132279
"USUM72020437";"love language";"Ariana Grande";0,688;0,573;-5,03;0;0,208;0,0686;0;0,0749;0,553;110,034;179861
"USUM72020439";"obvious";"Ariana Grande";0,624;0,672;-5,334;1;0,106;0,0967;0;0,155;0,26;159,852;146959
"USUM72021500";"Therefore I Am";"Billie Eilish";0,889;0,34;-7,773;0;0,0697;0,218;0,13;0,055;0,716;94,009;174321
"USRW32000008";"Shame Shame";"Foo Fighters";0,648;0,864;-4,136;1;0,0335;0,0013;0,0296;0,0368;0,354;122,014;257434
"USUG12004699";"willow";"Taylor Swift";0,392;0,579;-9,195;1;0,164;0,835;0,0018;0,145;0,549;80,961;214707
"USUG12004700";"champagne problems";"Taylor Swift";0,462;0,24;-12,077;1;0,0377;0,92;0;0,113;0,32;171,319;244000
"USUG12004702";"gold rush";"Taylor Swift";0,512;0,462;-10,491;1;0,0408;0,83;0,166;0,121;0,353;112,05;185320
"USUG12004704";"‘tis the damn season";"Taylor Swift";0,575;0,435;-8,193;1;0,0311;0,737;0,0001;0,105;0,351;145,91;229840
"USUG12004705";"tolerate it";"Taylor Swift";0,316;0,361;-10,381;1;0,0488;0,878;0;0,0797;0,221;74,952;245440
"USUG12004708";"happiness";"Taylor Swift";0,559;0,334;-10,733;1;0,0376;0,87;0;0,114;0,211;122,079;315147
"USUG12004710";"dorothea";"Taylor Swift";0,607;0,488;-8,329;1;0,0264;0,694;0;0,129;0,361;119,953;225880
"USUG12004712";"ivy";"Taylor Swift";0,515;0,545;-9,277;1;0,0353;0,855;0;0,0921;0,535;88,856;260440
"USUG12004716";"long story short";"Taylor Swift";0,546;0,732;-7,715;1;0,0423;0,674;0,184;0,0972;0,571;157,893;215920
"USUG12004714";"cowboy like me";"Taylor Swift";0,604;0,517;-9,014;1;0,0347;0,768;0,0002;0,123;0,511;127,967;275040
"USUG12004717";"marjorie";"Taylor Swift";0,535;0,562;-11,615;1;0,0479;0,878;0,0001;0,114;0,294;96,103;257773
"USUG12004718";"closure";"Taylor Swift";0,686;0,705;-10,823;1;0,249;0,832;0,00000455;0,134;0,919;151,868;180653
"USRW32000012";"No Son Of Mine";"Foo Fighters";0,535;0,972;-4,428;1;0,0844;0,0013;0,0005;0,0788;0,436;124,971;208707
"USCJY0703129";"Last Christmas";"Taylor Swift";0,702;0,77;-5,319;1;0,0372;0,31;0;0,149;0,685;116,009;208253
"GBAYE1901223";"Flags";"Coldplay";0,55;0,796;-7,262;1;0,0378;0,0011;0;0,123;0,51;89,876;216493
"USUG12004721";"it’s time to go - bonus track";"Taylor Swift";0,592;0,41;-12,426;1;0,0397;0,801;0;0,09;0,416;151,923;254640
"USUG12004720";"right where you left me - bonus track";"Taylor Swift";0,581;0,619;-6,524;1;0,0282;0,769;0,0001;0,117;0,645;137,915;245027
"USRW32000010";"Waiting On A War";"Foo Fighters";0,53;0,759;-7,067;1;0,0351;0,0098;0;0,319;0,502;131,999;253840
"USRW32000007";"Making A Fire";"Foo Fighters";0,506;0,946;-4,173;1;0,0652;0;0,0023;0,0528;0,651;91,111;255107
"USRW32000009";"Cloudspotter";"Foo Fighters";0,626;0,982;-5,768;0;0,0736;0,0003;0,0611;0,0524;0,835;134,989;233213
"USRW32000011";"Medicine At Midnight";"Foo Fighters";0,648;0,791;-5,295;0;0,038;0,0002;0,002;0,0208;0,72;115,978;209720
"USRW32000013";"Holding Poison";"Foo Fighters";0,585;0,937;-3,543;1;0,0707;0,0002;0,0662;0,232;0,6;133,049;264067
"USRW32000014";"Chasing Birds";"Foo Fighters";0,62;0,532;-7,297;1;0,023;0,0392;0,0245;0,112;0,369;143,993;252293
"USRW32000015";"Love Dies Young";"Foo Fighters";0,502;0,977;-3,563;1;0,0581;0,0012;0;0,129;0,388;139,995;261547
"USUG12100342";"Love Story (Taylor’s Version)";"Taylor Swift";0,626;0,79;-4,302;1;0,0311;0,135;0,00000397;0,0989;0,416;119,082;235767
"USCJY0803332";"Fearless";"Taylor Swift";0,591;0,703;-4,376;1;0,0279;0,0365;0;0,307;0,442;100,036;243093
"USUM72102132";"test drive";"Ariana Grande";0,698;0,708;-4,943;0;0,0454;0,0251;0;0,124;0,322;115,036;122174
"USUM72102133";"worst behavior";"Ariana Grande";0,726;0,667;-5,956;0;0,0617;0,37;0;0,118;0,434;100,053;124282
"USUM72102135";"main thing";"Ariana Grande";0,734;0,472;-7,782;1;0,0401;0,32;0,00000111;0,112;0,235;134,109;129080
"USUM72102131";"someone like u - interlude";"Ariana Grande";0,639;0,544;-9,5;0;0,0383;0,175;0;0,14;0,179;118,158;76742
"USUG12101041";"What’s Next";"Drake";0,781;0,594;-6,959;0;0,0485;0,0136;0;0,162;0,0628;129,895;178154
"DELV42100045";"Diese eine Melodie";"Kontra K";0,622;0,675;-8,508;0;0,168;0,0615;0;0,132;0,416;173,038;172474
"USCM51900161";"Best I Ever Had";"Drake";0,395;0,922;-2,176;1;0,375;0,19;0;0,134;0,558;162,361;257690
"USUG12100638";"Mr. Perfectly Fine (Taylor’s Version) (From The Vault)";"Taylor Swift";0,661;0,819;-6,269;0;0,0519;0,167;0;0,0647;0,724;135,937;277592
"USUG12100618";"Fearless (Taylor’s Version)";"Taylor Swift";0,569;0,741;-4,963;1;0,0282;0,0122;0;0,333;0,43;100,118;241592
"USUG12100622";"You Belong With Me (Taylor’s Version)";"Taylor Swift";0,632;0,773;-4,856;1;0,0346;0,0623;0;0,0885;0,474;130,033;231124
"USUG12100619";"Fifteen (Taylor’s Version)";"Taylor Swift";0,559;0,646;-4,61;1;0,0272;0,116;0;0,32;0,289;95,466;294419
"USUG12100620";"Hey Stephen (Taylor’s Version)";"Taylor Swift";0,788;0,571;-6,135;1;0,0296;0,106;0;0,0934;0,797;115,99;254255
"USUG12100621";"White Horse (Taylor’s Version)";"Taylor Swift";0,423;0,517;-7,377;1;0,0486;0,369;0;0,177;0,366;185,262;234516
"USUG12100626";"The Way I Loved You (Taylor’s Version)";"Taylor Swift";0,402;0,732;-4,665;1;0,0484;0,0033;0;0,108;0,472;161,032;243137
"USUG12100627";"Forever & Always (Taylor’s Version)";"Taylor Swift";0,598;0,821;-4,433;1;0,0447;0,0231;0;0,143;0,673;128,03;225328
"USUG12100624";"Tell Me Why (Taylor’s Version)";"Taylor Swift";0,578;0,909;-3,669;1;0,0628;0,0222;0;0,333;0,541;100,023;200576
"USUG12100625";"You’re Not Sorry (Taylor’s Version)";"Taylor Swift";0,506;0,444;-4,99;1;0,0285;0,0538;0;0,123;0,241;133,873;261843
"USUG12100628";"The Best Day (Taylor’s Version)";"Taylor Swift";0,642;0,576;-8,524;1;0,0282;0,488;0;0,159;0,469;125;245290
"USUG12100639";"We Were Happy (Taylor’s Version) (From The Vault)";"Taylor Swift";0,609;0,373;-8,819;1;0,0263;0,849;0;0,0779;0,13;106,007;244237
"USUG12100641";"Don’t You (Taylor’s Version) (From The Vault)";"Taylor Swift";0,563;0,473;-11,548;1;0,0503;0,514;0;0,109;0,405;101,934;208609
"USUG12100629";"Change (Taylor’s Version)";"Taylor Swift";0,499;0,815;-4,063;1;0,0341;0,0002;0;0,181;0,344;95,999;279360
"USUG12100630";"Jump Then Fall (Taylor’s Version)";"Taylor Swift";0,572;0,69;-6,201;1;0,0358;0,0474;0;0,0897;0,624;160,111;237580
"USUG12100632";"Forever & Always (Piano Version) (Taylor’s Version)";"Taylor Swift";0,546;0,273;-9,208;1;0,0308;0,819;0;0,137;0,271;118,753;267833
"USUG12100642";"Bye Bye Baby (Taylor’s Version) (From The Vault)";"Taylor Swift";0,624;0,624;-7,86;1;0,0539;0,334;0;0,0995;0,527;80,132;242158
"USUG12100631";"Untouchable (Taylor’s Version)";"Taylor Swift";0,393;0,531;-6,112;1;0,0329;0,0181;0;0,169;0,224;200,391;312107
"USUG12100636";"Today Was A Fairytale (Taylor’s Version)";"Taylor Swift";0,482;0,779;-5,025;1;0,0409;0,0135;0;0,296;0,328;158,162;241822
"USUG12100633";"Come In With The Rain (Taylor’s Version)";"Taylor Swift";0,476;0,564;-5,677;1;0,0269;0,0406;0;0,102;0,167;143,929;237339
"USUG12100635";"The Other Side Of The Door (Taylor’s Version)";"Taylor Swift";0,432;0,873;-4,367;1;0,0577;0,0279;0;0,167;0,629;163,936;238444
"USUG12100634";"Superstar (Taylor’s Version)";"Taylor Swift";0,454;0,555;-6,69;1;0,0283;0,157;0;0,343;0,171;171,862;263865
"USUM72105934";"Your Power";"Billie Eilish";0,634;0,285;-14,007;0;0,0807;0,937;0,0004;0,232;0,203;129,65;245897
"DELV42100091";"Asphalt & Tennissocken";"Kontra K";0,861;0,632;-8,722;1;0,137;0,0373;0,022;0,13;0,367;104,053;166554
"GBAYE2100379";"Higher Power";"Coldplay";0,507;0,828;-6,023;1;0,0449;0,0071;0;0,261;0,489;178,032;211295
"DELV42100094";"Wenn das Schicksal trifft";"Kontra K";0,683;0,676;-7,062;1;0,196;0,0115;0;0,172;0,429;75,99;196383
"DELV42100090";"Komm von da";"Kontra K";0,846;0,689;-8,04;0;0,202;0,198;0,0005;0,255;0,395;101,486;172858
"DELV42100092";"Babylon";"Kontra K";0,511;0,654;-7,355;0;0,158;0,262;0,00000258;0,277;0,465;163,996;189181
"DELV42100096";"Tiefe";"Kontra K";0,595;0,63;-7,292;0;0,354;0,0304;0,0034;0,114;0,474;183,666;214313
"DELV42100102";"In den Schatten zurück";"Kontra K";0,402;0,67;-9,607;0;0,577;0,633;0,0045;0,101;0,32;81,606;105732
"DELV42100097";"Zähl nicht nach";"Kontra K";0,795;0,669;-7,614;0;0,229;0,0205;0,0004;0,0817;0,476;98,007;149788
"DELV42100101";"Zeitraffer";"Kontra K";0,821;0,716;-10,07;1;0,363;0,128;0,00000105;0,294;0,544;93,898;149172
"USUM72105929";"Lost Cause";"Billie Eilish";0,671;0,336;-8,494;0;0,241;0,705;0,0075;0,0577;0,518;75,051;212496
"CH7812194032";"Rotlichtsonate";"Kollegah";0,675;0,681;-6,121;0;0,276;0,0914;0,0002;0,118;0,41;123,621;228480
"USCJY0803263";"Crazier";"Taylor Swift";0,452;0,544;-5,423;1;0,0277;0,0631;0,00000533;0,104;0,158;133,042;191947
"USUG12102520";"willow - 90's trend remix";"Taylor Swift";0,6;0,603;-8,696;1;0,0741;0,313;0;0,0872;0,379;168,085;225107
"USCJY1231021";"All Too Well";"Taylor Swift";0,602;0,609;-7,803;1;0,0243;0,0382;0,0002;0,127;0,337;93,06;327893
"USUM72105935";"NDA";"Billie Eilish";0,765;0,373;-9,915;1;0,0713;0,329;0,541;0,112;0,59;85,015;195777
"GBAYE2100781";"Coloratura";"Coldplay";0,289;0,263;-10,88;1;0,0297;0,652;0,155;0,103;0,0736;133,585;618960
"DECE72104088";"Die Wahrheit ist kein Hit";"Capital Bra";0,773;0,633;-6,1;1;0,0938;0,475;0;0,119;0,483;150,057;186386
"CH7812196186";"Showtime Fourever";"Kollegah";0,542;0,844;-5,59;1;0,372;0,266;0;0,268;0,733;148,402;223795
"USUM72105936";"Happier Than Ever";"Billie Eilish";0,332;0,225;-8,697;1;0,0348;0,767;0,0035;0,128;0,297;81,055;298899
"USUM72105922";"Getting Older";"Billie Eilish";0,599;0,128;-17,261;1;0,109;0,974;0,121;0,115;0,367;159,679;244221
"USUM72104675";"Oxytocin";"Billie Eilish";0,757;0,598;-7,777;1;0,058;0,0904;0,551;0,15;0,18;124,951;210233
"USUM72105926";"I Didn't Change My Number";"Billie Eilish";0,849;0,48;-5,835;1;0,226;0,612;0,269;0,295;0,677;142,021;158463
"USUM72105927";"Billie Bossa Nova";"Billie Eilish";0,895;0,389;-11,036;0;0,11;0,222;0,0346;0,105;0,549;110,023;196731
"USUM72105928";"GOLDWING";"Billie Eilish";0,654;0,303;-13,943;0;0,126;0,755;0,159;0,0957;0,168;160,095;151537
"USUM72105930";"Halley's Comet";"Billie Eilish";0,403;0,159;-16,728;0;0,104;0,961;0,0121;0,34;0,0381;72,38;234761
"USUM72105932";"OverHeated";"Billie Eilish";0,777;0,522;-12,496;0;0,0535;0,527;0,838;0,0968;0,182;115,008;214059
"USUM72105931";"Not My Responsibility";"Billie Eilish";0,468;0,13;-18,031;1;0,0571;0,454;0,927;0,0819;0,0362;115,039;227680
"USUM72105937";"Male Fantasy";"Billie Eilish";0,687;0,288;-10,415;1;0,045;0,863;0;0,0986;0,308;110,927;194887
"USUM72105933";"Everybody Dies";"Billie Eilish";0,275;0,155;-17,285;0;0,0674;0,928;0,176;0,0888;0,0588;65,136;206623
"CH7812196190";"Zuhälteraura";"Kollegah";0,632;0,788;-6,522;0;0,223;0,264;0;0,124;0,458;94,087;245960
"USUG12104397";"Champagne Poetry";"Drake";0,423;0,667;-7,012;0;0,326;0,758;0;0,246;0,496;86,743;336511
"USUG12104398";"Papi’s Home";"Drake";0,701;0,741;-6,157;1;0,313;0,112;0;0,699;0,588;140,177;178623
"USUG12104404";"TSU";"Drake";0,568;0,56;-9,059;1;0,42;0,228;0,00000305;0,39;0,246;130,019;308756
"USUG12104408";"No Friends In The Industry";"Drake";0,84;0,744;-4,751;1;0,113;0,0181;0;0,629;0,171;83,737;204347
"USUG12104406";"Pipe Down";"Drake";0,518;0,69;-6,15;1;0,107;0,128;0;0,176;0,59;77,837;205721
"USUG12104410";"7am On Bridle Path";"Drake";0,724;0,531;-4,108;0;0,298;0,225;0;0,11;0,141;89,901;239635
"USUG12104411";"Race My Mind";"Drake";0,488;0,635;-7,19;1;0,26;0,179;0,00000816;0,156;0,783;174,072;269884
"USUG12104414";"Fucking Fans";"Drake";0,783;0,416;-9,84;0;0,135;0,213;0;0,103;0,165;87,073;245131
"USUG12104415";"The Remorse";"Drake";0,473;0,53;-8,506;1;0,249;0,812;0,00000692;0,227;0,637;74,732;351220
"USUM72116908";"Happier Than Ever - Edit";"Billie Eilish";0,334;0,599;-5,742;1;0,0365;0,0468;0,0004;0,205;0,127;161,74;151444
"USUG12103658";"Wildest Dreams (Taylor's Version)";"Taylor Swift";0,583;0,67;-7,289;1;0,0646;0,0374;0,0001;0,126;0,498;140,061;220433
"USUM71702756";"Bored";"Billie Eilish";0,614;0,318;-12,695;1;0,0478;0,896;0,0024;0,0795;0,112;119,959;180933
